row_formating,duplicate,,,,activity_order,include,activity,activity_pref_label,activity_description,activity_preamble,item,item_pref_label,item_description,item_order,mandatory,visibility,question,details,field_type,choices,unit,BIDS_status,BIDS_file,BIDS_key,BIDS_key_for_unit,
FALSE,0,Data Acquisition,Info,,1,1,data-acquisition_info,Info,Info,,Modality,Modality,Modality,,1,1,Modality,,radio, pet | petmr | petct ,,1,_pet.json,Modality,,
TRUE,0,Data Acquisition,Info,,1,1,data-acquisition_info,Info,Info,,Manufacturer,Manufacturer,Manufacturer,,1,1,Scanner manufacturer,Scanner manufacturer,char,,,1,_pet.json,Manufacturer,,
TRUE,0,Data Acquisition,Info,,1,1,data-acquisition_info,Info,Info,,ManufacturersModelName,ManufacturersModelName,ManufacturersModelName,,1,1,PET scanner model name,PET scanner model name,char, Siemens ,,1,_pet.json,ManufacturersModelName,,
TRUE,0,Data Acquisition,Info,,1,1,data-acquisition_info,Info,Info,,Anaesthesia,Anaesthesia,Anaesthesia,,3,1,"Details of anaesthesia used, if any.","Details of anaesthesia used, if any.",char,,,1,_pet.json,Anaesthesia,,
TRUE,0,Data Acquisition,Info,,1,1,data-acquisition_info,Info,Info,,BodyPart,BodyPart,BodyPart,,2,1,Name of the organ / body region scanned.,Name of the organ / body region scanned.,dropdown, brain | neck | torso | cardiac | gut | hip | leg | knee | foot | hand | arm | lung ,,1,_pet.json,BodyPart,,
TRUE,0,Data Acquisition,Info,,1,1,data-acquisition_info,Info,Info,,Unit,Unit,Unit,,1,1,Unit of the image file,Unit of the image file; please see BIDS main spec section 6. SI unit for radioactivity (Becquerel) should be used.,char,,,1,_pet.json,Unit,,
TRUE,0,Data Acquisition,Info,,1,1,data-acquisition_info,Info,Info,,experiment-date,experiment-date,experiment-date,,2,1,Experiment date,,date,,YYYY-MM-DD,0,,,,
TRUE,0,Data Acquisition,Info,,1,1,data-acquisition_info,Info,Info,,imaging-center-site,imaging-center-site,imaging-center-site,,1,1,Imaging center-site,,char,,,0,,,,
TRUE,0,Data Acquisition,Info,,1,1,data-acquisition_info,Info,Info,,imaging-department,imaging-department,imaging-department,,1,1,Imaging department,,char,,,0,,,,
FALSE,0,Radioligand,Radiotracer,,2,1,radioligand_radiotracer,Radiotracer,Radiotracer,,PharmaceuticalDoseRegimen,PharmaceuticalDoseRegimen,PharmaceuticalDoseRegimen,,2,1,Details of the pharmaceutical dose regimen.,Details of the pharmaceutical dose regimen. Either adequate description or short-code relating to regimen documented elsewhere.,radio," single IV bolus | single oral bolus | 
 IV infusion 
",,1,_pet.json,PharmaceuticalDoseRegimen,,
TRUE,0,Radioligand,Radiotracer,,2,1,radioligand_radiotracer,Radiotracer,Radiotracer,,TracerName,TracerName,TracerName,,1,1,Name of the tracer compound used,Name of the tracer compound used,radio, CIMBI-36 | raclopride ,,1,_pet.json,TracerName,,
TRUE,0,Radioligand,Radiotracer,,2,1,radioligand_radiotracer,Radiotracer,Radiotracer,,TracerRadLex,TracerRadLex,TracerRadLex,,2,1,ID of the tracer compound from the RadLex Ontology.,ID of the tracer compound from the RadLex Ontology. http://bioportal.bioontology.org/ontologies/RADLEX?p=classes&conceptid=root,char,,,1,_pet.json,TracerRadLex,,
TRUE,0,Radioligand,Radiotracer,,2,1,radioligand_radiotracer,Radiotracer,Radiotracer,,TracerSNOMED,TracerSNOMED,TracerSNOMED,,2,1,ID of the tracer compound from the SNOMED Ontology,ID of the tracer compound from the SNOMED Ontology (subclass of Radioactive isotope). http://purl.bioontology.org/ontology/SNOMEDCT/89457008,char,,,1,_pet.json,TracerSNOMED,,
TRUE,0,Radioligand,Radiotracer,,2,1,radioligand_radiotracer,Radiotracer,Radiotracer,,PharmaceuticalName,PharmaceuticalName,PharmaceuticalName,,3,1,Name of pharmaceutical coadministered with tracer.,Name of pharmaceutical coadministered with tracer.,char,,,1,_pet.json,PharmaceuticalName,,
TRUE,0,Radioligand,Radiotracer,,2,1,radioligand_radiotracer,Radiotracer,Radiotracer,,TracerRadionuclide,TracerRadionuclide,TracerRadionuclide,,1,1,Radioisotope labelling tracer.,Radioisotope labelling tracer.,radio,carbon-11 | fluorine-18 | Nitrogen-13 | Oxygen-15,,1,_pet.json,TracerRadionuclide,,
TRUE,0,Radioligand,Radiotracer,,2,1,radioligand_radiotracer,Radiotracer,Radiotracer,,TracerMolecularWeight,TracerMolecularWeight,TracerMolecularWeight,,2,1,Accurate molecular weight of the tracer used.,Accurate molecular weight of the tracer used.,float,,Da | g/mol,1,_pet.json,TracerMolecularWeight,TracerMolecularWeightUnit,
TRUE,0,Radioligand,Radiotracer,,2,1,radioligand_radiotracer,Radiotracer,Radiotracer,,PharmaceuticalDoseTime,PharmaceuticalDoseTime,PharmaceuticalDoseTime,,2,1,"Time of administration of pharmaceutical dose, relative to time zero","Time of administration of pharmaceutical dose, relative to time zero (please see below). For an infusion, this should be a vector with two elements specifying the start and end of the infusion period. For more complex dose regimens, the regimen description should be complete enough to enable unambiguous interpretation of the DoseTime vector. Unit format of the specified pharmaceutical dose time should be seconds..",char,injection time | scan start,hh:mm:ss,1,_pet.json,PharmaceuticalDoseTime,,
TRUE,0,Radioligand,Radiotracer,,2,1,radioligand_radiotracer,Radiotracer,Radiotracer,,PharmaceuticalDoseAmount,PharmaceuticalDoseAmount,PharmaceuticalDoseAmount,,3,1,Dose amount of pharmaceutical coadministered with tracer.,Dose amount of pharmaceutical coadministered with tracer.,float,, mg | mg/kg | µg | µg/kg,1,_pet.json,PharmaceuticalDoseAmount,PharmaceuticalDoseUnit,
FALSE,0,Radioligand,Radiochem,,3,1,radioligand_radiochem,Radiochem,Radiochem,,ModeOfAdministration,ModeOfAdministration,ModeOfAdministration,,1,1,Mode of administration of the injection.,Mode of administration of the injection.,radio," single IV bolus | single oral bolus | 
 IV infusion 
",,1,_pet.json,ModeOfAdministration,,
TRUE,0,Radioligand,Radiochem,,3,1,radioligand_radiochem,Radiochem,Radiochem,,InfusionSpeed,InfusionSpeed,InfusionSpeed,,2,1,Infusion speed,"If given, infusion speed.",float,,ml/s | unitless (Kbol) ,1,_pet.json,InfusionSpeed,InfusionSpeedUnit,
TRUE,0,Radioligand,Radiochem,,3,1,radioligand_radiochem,Radiochem,Radiochem,,InjectedRadioactivity,InjectedRadioactivity,InjectedRadioactivity,,1,1,Injected radioactivity,,float,,MBq,1,_pet.json,InjectedRadioactivity,InjectedRadioactivityUnit,
TRUE,0,Radioligand,Radiochem,,3,1,radioligand_radiochem,Radiochem,Radiochem,,InjectedMass,InjectedMass,InjectedMass,,1,1,Total mass of radiolabeled compound injected into subject.,Total mass of radiolabeled compound injected into subject.,float,,µg | mg | g ,1,_pet.json,InjectedMass,InjectedMassUnit,
TRUE,0,Radioligand,Radiochem,,3,1,radioligand_radiochem,Radiochem,Radiochem,,moles-tracer-injected,moles-tracer-injected,moles-tracer-injected,,2,1,Moles tracer injected,,float,,moles | micromoles | nanomoles,0,,,,
TRUE,0,Radioligand,Radiochem,,3,1,radioligand_radiochem,Radiochem,Radiochem,,bodyweight,bodyweight,bodyweight,,2,1,Bodyweight,,float,,kg ,0,,,,
TRUE,0,Radioligand,Radiochem,,3,1,radioligand_radiochem,Radiochem,Radiochem,,MolarActivity,MolarActivity,MolarActivity,,2,1,Molar activity of compound injected.,Molar activity of compound injected.,float,,GBq/µmol ,1,_pet.json,MolarActivity,MolarActivityUnit,
TRUE,0,Radioligand,Radiochem,,3,1,radioligand_radiochem,Radiochem,Radiochem,,MolarActivityMeasTime,MolarActivityMeasTime,MolarActivityMeasTime,,2,1,Time to which molar radioactivity measurement above applies.,Time to which molar radioactivity measurement above applies.,char,injection time | scan start,hh:mm:ss,1,_pet.json,MolarActivityMeasTime,,
TRUE,0,Radioligand,Radiochem,,3,1,radioligand_radiochem,Radiochem,Radiochem,,SpecificRadioactivity,SpecificRadioactivity,SpecificRadioactivity,,1,1,Specific radioactivity,,float,,Bq/g | GBq/mg,1,_pet.json,SpecificRadioactivity,,
TRUE,0,Radioligand,Radiochem,,3,1,radioligand_radiochem,Radiochem,Radiochem,,SpecificRadioactivityMeasTime,SpecificRadioactivityMeasTime,SpecificRadioactivityMeasTime,,2,1,Specific radioactivity measurement time,,char,injection time | scan start,hh:mm:ss,1,_pet.json,SpecificRadioactivityMeasTime,,
TRUE,0,Radioligand,Radiochem,,3,1,radioligand_radiochem,Radiochem,Radiochem,,Purity,Purity,Purity,,2,1,Purity of the radiolabeled compound.,Purity of the radiolabeled compound.,float,,percent | fraction,1,_pet.json,Purity,PurityUnit,
TRUE,0,Radioligand,Radiochem,,3,1,radioligand_radiochem,Radiochem,Radiochem,,InjectedVolume,InjectedVolume,InjectedVolume,,2,1,Injected volume,,float,,ml,1,_pet.json,InjectedVolume,InjectedVolumeUnit,
TRUE,0,Radioligand,Radiochem,,3,1,radioligand_radiochem,Radiochem,Radiochem,,formulation,formulation,formulation,,2,1,Formulation,,char,,,1,_pet.json,,,
FALSE,0,Radioligand,Time,,4,1,radioligand_time,Time,Time,,ScanDate,ScanDate,ScanDate,,2,1,Date of scan,,date,,YYYY:MM:DD,1,_pet.json,ScanDate,,
TRUE,0,Radioligand,Time,,4,1,radioligand_time,Time,Time,,TimeZero,TimeZero,TimeZero,,1,1,Time zero to which all scan and/or blood measurements have been adjusted to.,Time zero to which all scan and/or blood measurements have been adjusted to. This should be equal to InjectionStart or ScanStart.,time range,,hh:mm:ss,1,_pet.json,TimeZero,,
TRUE,0,Radioligand,Time,,4,1,radioligand_time,Time,Time,,ScanStart,ScanStart,ScanStart,,1,1,Time of start of scan wrt TimeZero,Time of start of scan wrt TimeZero.,time range,,s,1,_pet.json,ScanStart,,
TRUE,0,Radioligand,Time,,4,1,radioligand_time,Time,Time,,InjectionStart,InjectionStart,InjectionStart,,1,1,Time of start of injection wrt TimeZero,Time of start of injection wrt TimeZero.,time range,,s,1,_pet.json,InjectionStart,,
TRUE,0,Radioligand,Time,,4,1,radioligand_time,Time,Time,,InjectionEnd,InjectionEnd,InjectionEnd,,2,1,Time of end of injection wrt TimeZero,Time of end of injection wrt TimeZero.,time range,,s,1,_pet.json,InjectionEnd,,
TRUE,0,Radioligand,Time,,4,1,radioligand_time,Time,Time,,FrameTimesStart,FrameTimesStart,FrameTimesStart,,1,1,Start times for all frames relative to TimeZero,Start times for all frames relative to TimeZero,char,,s,1,_pet.json,FrameTimesStart,,
TRUE,0,Radioligand,Time,,4,1,radioligand_time,Time,Time,,FrameDuration,FrameDuration,FrameDuration,,1,1,Time duration of each frame,Time duration of each frame,char,,s,1,_pet.json,FrameDuration,,
FALSE,0,Data Acquisition,Reconstruction,,5,1,data-acquisition_reconstruction,Reconstruction,Reconstruction,,AcquisitionMode,AcquisitionMode,AcquisitionMode,,1,1,Acquisition mode,Type of acquisition of the PET data.,radio,frame mode | list mode ,,1,_pet.json,AcquisitionMode,,
TRUE,0,Data Acquisition,Reconstruction,,5,1,data-acquisition_reconstruction,Reconstruction,Reconstruction,,ImageDecayCorrected,ImageDecayCorrected,ImageDecayCorrected,,1,1,Specify whether the image data have been decay-corrected.,Boolean flag specifying whether the image data have been decay-corrected.,boolean,,,1,_pet.json,ImageDecayCorrected,,
TRUE,0,Data Acquisition,Reconstruction,,5,1,data-acquisition_reconstruction,Reconstruction,Reconstruction,,ImageDecayCorrectionTime,ImageDecayCorrectionTime,ImageDecayCorrectionTime,,1,ImageDecayCorrected == 1,Point in time from which the decay correction was applied wrt TimeZero,Point in time from which the decay correction was applied wrt TimeZero,float,,,1,_pet.json,ImageDecayCorrectionTime,,
TRUE,0,Data Acquisition,Reconstruction,,5,1,data-acquisition_reconstruction,Reconstruction,Reconstruction,,ReconMethodName,ReconMethodName,ReconMethodName,,1,1,Reconstruction method,Reconstruction method or algorithm.,radio,3D-OP-OSEM,,1,_pet.json,ReconMethodName,,
TRUE,0,Data Acquisition,Reconstruction,,5,1,data-acquisition_reconstruction,Reconstruction,Reconstruction,,ReconMethodParameterLabels,ReconMethodParameterLabels,ReconMethodParameterLabels,,1,1,"Names, value, units of reconstruction parameters.","Names, value, units of reconstruction parameters.",radio,subsets | iterations,,1,_pet.json,ReconMethodParameterLabels,ReconMethodParameterValues,ReconMethodParameterUnit
TRUE,0,Data Acquisition,Reconstruction,,5,1,data-acquisition_reconstruction,Reconstruction,Reconstruction,,ReconFilterType,ReconFilterType,ReconFilterType,,1,1,Recon-filter-type,Type of post-recon smoothing.,radio,none | gaussian | Shepp | Z filter,,1,_pet.json,ReconFilterType,,
TRUE,0,Data Acquisition,Reconstruction,,5,1,data-acquisition_reconstruction,Reconstruction,Reconstruction,,AttenuationCorrection,AttenuationCorrection,AttenuationCorrection,,1,1,Attenuation correction,Short description of the attenuation correction method used.,radio,Dixon MRAC | CTAC,,1,_pet.json,AttenuationCorrection,,
TRUE,0,Data Acquisition,Reconstruction,,5,1,data-acquisition_reconstruction,Reconstruction,Reconstruction,,ReconFilterSize,ReconFilterSize,ReconFilterSize,,1,1,Postrecon-filter-size,Kernel size of post-recon filter (FWHM).,radio,1 x 1 x 1 | 2 x 2 x 2,mm,1,_pet.json,ReconFilterSize,,
TRUE,0,Data Acquisition,Reconstruction,,5,1,data-acquisition_reconstruction,Reconstruction,Reconstruction,,pet-voxel-size,pet-voxel-size,pet-voxel-size,,1,1,PET voxel size,,radio,1 x 1 x 1 | 2 x 2 x 2,mm,0,,,,
TRUE,0,Data Acquisition,Reconstruction,,5,1,data-acquisition_reconstruction,Reconstruction,Reconstruction,,matrix-size,matrix-size,matrix-size,,1,1,Matrix Size,,char,256 x 256 x 207,,0,,,,
TRUE,0,Data Acquisition,Reconstruction,,5,1,data-acquisition_reconstruction,Reconstruction,Reconstruction,,frame-sequence,frame-sequence,frame-sequence,,1,1,Frame-Sequence,,radio,6x10 | 3x20 | 6x30 | 5x60 | 5x120 | 8x300 | 3x600 (36 frames),,0,,,,
TRUE,,Data Acquisition,Reconstruction,,5,1,data-acquisition_reconstruction,Reconstruction,Reconstruction,,ScaleFactor,ScaleFactor,ScaleFactor,,2,1,Scale factor for each frame,Scale factor for each frame,array,,,1,_pet.json,ScaleFactor,,
TRUE,,Data Acquisition,Reconstruction,,5,1,data-acquisition_reconstruction,Reconstruction,Reconstruction,,ScatterFraction,ScatterFraction,ScatterFraction,,2,1,Scatter fraction for each frame,Scatter fraction for each frame,array,,,1,_pet.json,ScatterFraction,,
TRUE,,Data Acquisition,Reconstruction,,5,1,data-acquisition_reconstruction,Reconstruction,Reconstruction,,DecayCorrectionFactor,DecayCorrectionFactor,DecayCorrectionFactor,,2,1,Decay correction factor for each frame,Decay correction factor for each frame,array,,,1,_pet.json,DecayCorrectionFactor,,
TRUE,,Data Acquisition,Reconstruction,,5,1,data-acquisition_reconstruction,Reconstruction,Reconstruction,,PromptRate,PromptRate,PromptRate,,2,1,Prompt rate for each frame,Prompt rate for each frame,array,,,1,_pet.json,PromptRate,,
TRUE,,Data Acquisition,Reconstruction,,5,1,data-acquisition_reconstruction,Reconstruction,Reconstruction,,RandomRate,RandomRate,RandomRate,,2,1,Random rate for each frame,Random rate for each frame,array,,,1,_pet.json,RandomRate,,
TRUE,,Data Acquisition,Reconstruction,,5,1,data-acquisition_reconstruction,Reconstruction,Reconstruction,,SinglesRate,SinglesRate,SinglesRate,,2,1,Singles rate for each frame,Singles rate for each frame,array,,,1,_pet.json,SinglesRate,,
TRUE,0,Data Acquisition,Reconstruction,,5,1,data-acquisition_reconstruction,Reconstruction,Reconstruction,,reconstruction-data-labels,reconstruction-data-labels,reconstruction-data-labels,,1,1,Reconstruction data labels,,radio,sampleStartTime | sampleDuration | activity | activitySD,,0,,,,
TRUE,,Data Acquisition,Reconstruction,,5,1,data-acquisition_reconstruction,Reconstruction,Reconstruction,,AttenuationCorrectionMethodReference,AttenuationCorrectionMethodReference,AttenuationCorrectionMethodReference,,2,1,Reference paper for the attenuation correction method used.,Reference paper for the attenuation correction method used.,char,,,1,_pet.json,AttenuationCorrectionMethodReference,,
FALSE,0,Radioligand,Continuous blood,,6,1,radioligand_continuous-blood,Continuous blood,Continuous blood,,ContinuousBloodAvail,ContinuousBloodAvail,ContinuousBloodAvail,,1,1,Boolean that specifies if continuous blood measurements are available.,Boolean that specifies if continuous blood measurements are available.,boolean,,,1,_pet.json,ContinuousBloodAvail,,
TRUE,0,Radioligand,Continuous blood,,6,1,radioligand_continuous-blood,Continuous blood,Continuous blood,,ContinuousBloodWithdrawalRate,ContinuousBloodWithdrawalRate,ContinuousBloodWithdrawalRate,,2,ContinuousBloodAvail == 1,The rate at which the blood was withdrawn from the subject.,The rate at which the blood was withdrawn from the subject.,float,ml/s,,1,_pet.json,ContinuousBloodWithdrawalRate,,
TRUE,0,Radioligand,Continuous blood,,6,1,radioligand_continuous-blood,Continuous blood,Continuous blood,,ContinuousBloodTubingType,ContinuousBloodTubingType,ContinuousBloodTubingType,,2,ContinuousBloodAvail == 1,"Description of the type of tubing used, ideally including the material and (internal) diameter.","Description of the type of tubing used, ideally including the material and (internal) diameter.",char,,,1,_pet.json,ContinuousBloodTubingType,,
TRUE,0,Radioligand,Continuous blood,,6,1,radioligand_continuous-blood,Continuous blood,Continuous blood,,ContinuousBloodTubingLength,ContinuousBloodTubingLength,ContinuousBloodTubingLength,,2,ContinuousBloodAvail == 1,"The length of the blood tubing, from the subject to the detector.","The length of the blood tubing, from the subject to the detector.",float,cm,,1,_pet.json,ContinuousBloodTubingLength,,
TRUE,0,Radioligand,Continuous blood,,6,1,radioligand_continuous-blood,Continuous blood,Continuous blood,,ContinuousBloodDispersionConstant,ContinuousBloodDispersionConstant,ContinuousBloodDispersionConstant,,2,ContinuousBloodAvail == 1,External dispersion time constant resulting from tubing.,External dispersion time constant resulting from tubing.,float,s,,1,_pet.json,ContinuousBloodDispersionConstant,,
TRUE,0,Radioligand,Continuous blood,,6,1,radioligand_continuous-blood,Continuous blood,Continuous blood,,ContinuousBloodDispersionCorrected,ContinuousBloodDispersionCorrected,ContinuousBloodDispersionCorrected,,1,ContinuousBloodAvail == 1,Dispersion correction,Boolean flag specifying whether the continuous blood,boolean,,,1,_pet.json,ContinuousBloodDispersionCorrected,,
FALSE,0,Radioligand,Discrete blood,,6,1,radioligand_discrete-blood,Discrete blood,Discrete blood,,DiscreteBloodAvail,DiscreteBloodAvail,DiscreteBloodAvail,,1,1,Boolean that specifies if discrete blood measurements are available.,Boolean that specifies if discrete blood measurements are available.,boolean,,,1,_pet.json,DiscreteBloodAvail,,
TRUE,0,Radioligand,Discrete blood,,6,1,radioligand_discrete-blood,Discrete blood,Discrete blood,,DiscreteBloodHaematocrit,DiscreteBloodHaematocrit,DiscreteBloodHaematocrit,,2,DiscreteBloodAvail == 1,"Measured haematocrit, i.e. the volume of erythrocytes divided by the volume of whole blood.","Measured haematocrit, i.e. the volume of erythrocytes divided by the volume of whole blood.",slider,0 | 1,,1,_pet.json,DiscreteBloodHaematocrit,,
TRUE,0,Radioligand,Discrete blood,,6,1,radioligand_discrete-blood,Discrete blood,Discrete blood,,DiscreteBloodDensity,DiscreteBloodDensity,DiscreteBloodDensity,,2,DiscreteBloodAvail == 1,Measured blood density.,Measured blood density.,float,g/ml,,1,_pet.json,DiscreteBloodDensity,,
FALSE,0,Radioligand,Metabolite,,6,1,radioligand_metabolite,Metabolite,Metabolite,,MetaboliteAvail,MetaboliteAvail,MetaboliteAvail,,1,1,Boolean that specifies if metabolite measurements are available.,Boolean that specifies if metabolite measurements are available.,boolean,,,1,_pet.json,MetaboliteAvail,,
TRUE,0,Radioligand,Metabolite,,6,1,radioligand_metabolite,Metabolite,Metabolite,,MetaboliteMethod,MetaboliteMethod,MetaboliteMethod,,1,MetaboliteAvail == 1,Method used to measure metabolites,Method used to measure metabolites,radio,HPLC | Fraction Collector | SPE,,1,_pet.json,MetaboliteMethod,,
TRUE,0,Radioligand,Metabolite,,6,1,radioligand_metabolite,Metabolite,Metabolite,,radiolabeled-parent-compound-fraction,radiolabeled-parent-compound-fraction,radiolabeled-parent-compound-fraction,,1,1,Radiolabeled Parent compound fraction,,slider,0 | 1,,0,,,,
TRUE,0,Radioligand,Metabolite,,6,1,radioligand_metabolite,Metabolite,Metabolite,,metabolite-data-labels,metabolite-data-labels,metabolite-data-labels,,1,1,Metabolite data labels,,radio,sampleStartTime | sampleDuration | parentFraction | parentFraction SD,,0,,,,
TRUE,0,Radioligand,Metabolite,,6,1,radioligand_metabolite,Metabolite,Metabolite,,parent-fraction-units,parent-fraction-units,parent-fraction-units,,1,1,Parent fraction units,,radio,s | fraction | fraction,,0,,,,
TRUE,0,Radioligand,Metabolite,,6,1,radioligand_metabolite,Metabolite,Metabolite,,parent-fraction-measurement-error,parent-fraction-measurement-error,parent-fraction-measurement-error,,2,1,Parent fraction measurement error,,float,,,0,,,,
TRUE,0,Radioligand,Metabolite,,6,1,radioligand_metabolite,Metabolite,Metabolite,,metabolite-analysis-timepoints,metabolite-analysis-timepoints,metabolite-analysis-timepoints,,1,1,Metabolite analysis timepoints,seconds or minutes after scan start,char,,,0,,,,
TRUE,0,Radioligand,Metabolite,,6,1,radioligand_metabolite,Metabolite,Metabolite,,fraction-of-radiometabolite-needing-quantitation,fraction-of-radiometabolite-needing-quantitation,fraction-of-radiometabolite-needing-quantitation,,1,1,Fraction of radiometabolite needing quantitation,,radio,fraction | percentage,,0,,,,
TRUE,0,Radioligand,Metabolite,,6,1,radioligand_metabolite,Metabolite,Metabolite,,error-on-above-measurement,error-on-above-measurement,error-on-above-measurement,,2,1,Error on above measurement,,char,,,0,,,,
TRUE,0,Radioligand,Metabolite,,6,1,radioligand_metabolite,Metabolite,Metabolite,,radiolabeled-metabolite-fractions,radiolabeled-metabolite-fractions,radiolabeled-metabolite-fractions,,2,1,Radiolabeled metabolite fractions,(M1 | M2 | M3…),slider,0 | 1,,0,,,,
TRUE,0,Radioligand,Metabolite,,6,1,radioligand_metabolite,Metabolite,Metabolite,,MetaboliteRecoveryCorrectionApplied,MetaboliteRecoveryCorrectionApplied,MetaboliteRecoveryCorrectionApplied,,1,MetaboliteAvail == 1,Metabolite correction,"Metabolite recovery correction from the HPLC, for tracers where it changes with time postinjection. If “true” please include recovery fractions from the HPLC as a column in the table with blood data (section 2.2)",boolean,,,0,,MetaboliteRecoveryCorrectionApplied,,
FALSE,0,Radioligand,Plasma,,6,1,radioligand_plasma,Plasma,Plasma,,PlasmaAvail,PlasmaAvail,PlasmaAvail,,,1,Boolean that specifies if plasma measurements are available.,"Boolean that specifies if plasma measurements are available. If this is false, all of the plasma fields should be excluded",boolean,,,1,_pet.json,PlasmaAvail,,
TRUE,0,Radioligand,Plasma,,6,1,radioligand_plasma,Plasma,Plasma,,PlasmaFreeFraction,PlasmaFreeFraction,PlasmaFreeFraction,,2,PlasmaAvail == 1,"Measured free fraction in plasma, i.e. concentration of free compound in plasma divided by total concentration of compound in plasma.","Measured free fraction in plasma, i.e. concentration of free compound in plasma divided by total concentration of compound in plasma.",slider,0 | 1,,1,_pet.json,PlasmaFreeFraction,,
TRUE,0,Radioligand,Plasma,,6,1,radioligand_plasma,Plasma,Plasma,,error-of-free-fraction-measurement,error-of-free-fraction-measurement,error-of-free-fraction-measurement,,2,1,Error of free fraction measurement,,float,,,0,,,,
TRUE,0,Radioligand,Plasma,,6,1,radioligand_plasma,Plasma,Plasma,,PlasmaFreeFractionMethod,PlasmaFreeFractionMethod,PlasmaFreeFractionMethod,,2,PlasmaAvail == 1,Method used to estimate free fraction.,Method used to estimate free fraction.,char,,,1,_pet.json,PlasmaFreeFractionMethod,,
TRUE,0,Radioligand,Plasma,,6,1,radioligand_plasma,Plasma,Plasma,,decay-corrected,decay-corrected,decay-corrected,,1,1,decay corrected,,boolean,,,0,,,,
TRUE,0,Radioligand,Plasma,,6,1,radioligand_plasma,Plasma,Plasma,,decay-correction-time,decay-correction-time,decay-correction-time,,1,1,decay correction time,,radio,scan start ,,0,,,,
TRUE,0,Radioligand,Plasma,,6,1,radioligand_plasma,Plasma,Plasma,,plasma-data-type,plasma-data-type,plasma-data-type,,1,1,plasma data type,,radio,radioactivity ,,0,,,,
TRUE,0,Radioligand,Plasma,,6,1,radioligand_plasma,Plasma,Plasma,,plasma-data-units,plasma-data-units,plasma-data-units,,1,1,plasma data units,,radio,,s | kBq/mL,0,,,,
TRUE,0,Radioligand,Plasma,,6,1,radioligand_plasma,Plasma,Plasma,,hematocrit-value,hematocrit-value,hematocrit-value,,2,1,hematocrit value,,float,,,0,,,,
FALSE,0,Radioligand,Whole blood,,6,1,radioligand_whole-blood,Whole blood,Whole blood,,whole-blood-radioactivity,whole-blood-radioactivity,whole-blood-radioactivity,,2,MetaboliteAvail == 1,Whole blood radioactivity,,char,,MBq ,0,,,,
TRUE,0,Radioligand,Whole blood,,6,1,radioligand_whole-blood,Whole blood,Whole blood,,plasma-to-whole-blood-ratio,plasma-to-whole-blood-ratio,plasma-to-whole-blood-ratio,,2,1,Plasma to whole blood ratio,,slider,0 | 1,,0,,,,
FALSE,0,Data Acquisition,Cross-calibration,,7,1,data-acquisition_cross-calibration,Cross-calibration,Cross-calibration,,blood-sampling-device-read,blood-sampling-device-read,blood-sampling-device-read,,2,1,Blood sampling device read,,radio,count per second | counts per minute,,0,,,,
TRUE,0,Data Acquisition,Cross-calibration,,7,1,data-acquisition_cross-calibration,Cross-calibration,Cross-calibration,,blood-sampling-device-measurement-time,blood-sampling-device-measurement-time,blood-sampling-device-measurement-time,,2,1,Blood sampling device measurement time,,time range,,hh:mm:ss,0,,,,
TRUE,0,Data Acquisition,Cross-calibration,,7,1,data-acquisition_cross-calibration,Cross-calibration,Cross-calibration,,phantom-type,phantom-type,phantom-type,,2,1,Phantom type,,radio,Uniform cylinder | ACR | EARL ,,0,,,,
TRUE,0,Data Acquisition,Cross-calibration,,7,1,data-acquisition_cross-calibration,Cross-calibration,Cross-calibration,,phantom-volume,phantom-volume,phantom-volume,,2,1,Phantom volume,,float,,ml,0,,,,
TRUE,0,Data Acquisition,Cross-calibration,,7,1,data-acquisition_cross-calibration,Cross-calibration,Cross-calibration,,radiotracer-isotope,radiotracer-isotope,radiotracer-isotope,,2,1,Radiotracer-isotope,,radio,carbon-11 | fluorine-18 | Nitrogen-13 | Oxygen-15,,0,,,,
TRUE,0,Data Acquisition,Cross-calibration,,7,1,data-acquisition_cross-calibration,Cross-calibration,Cross-calibration,,phantom-activity,phantom-activity,phantom-activity,,2,1,Phantom activity,,float,,MBq,0,,,,
TRUE,0,Data Acquisition,Cross-calibration,,7,1,data-acquisition_cross-calibration,Cross-calibration,Cross-calibration,,activity-time,activity-time,activity-time,,2,1,Activity time,,time range,,hh:mm:ss,0,,,,
TRUE,0,Data Acquisition,Cross-calibration,,7,1,data-acquisition_cross-calibration,Cross-calibration,Cross-calibration,,residual-activity,residual-activity,residual-activity,,2,1,Residual activity,,float,,MBq,0,,,,
TRUE,0,Data Acquisition,Cross-calibration,,7,1,data-acquisition_cross-calibration,Cross-calibration,Cross-calibration,,residual-activity-time,residual-activity-time,residual-activity-time,,2,1,Residual activity time,,time range,,hh:mm:ss,0,,,,
TRUE,0,Data Acquisition,Cross-calibration,,7,1,data-acquisition_cross-calibration,Cross-calibration,Cross-calibration,,phantom-acquisition-time,phantom-acquisition-time,phantom-acquisition-time,,2,1,Phantom acquisition time,,time range,,hh:mm:ss,0,,,,
TRUE,0,Data Acquisition,Cross-calibration,,7,1,data-acquisition_cross-calibration,Cross-calibration,Cross-calibration,,well-counter-sample-volumes,well-counter-sample-volumes,well-counter-sample-volumes,,2,1,Well counter sample volumes,,float,,ml | µl,0,,,,
TRUE,0,Data Acquisition,Cross-calibration,,7,1,data-acquisition_cross-calibration,Cross-calibration,Cross-calibration,,well-counter-measurement-time,well-counter-measurement-time,well-counter-measurement-time,,2,1,Well counter measurement time,,time range,,hh:mm:ss,0,,,,
TRUE,0,Data Acquisition,Cross-calibration,,7,1,data-acquisition_cross-calibration,Cross-calibration,Cross-calibration,,well-counter-read,well-counter-read,well-counter-read,,2,1,Well counter read,,radio,count per second | counts per minute,,0,,,,
TRUE,0,Data Acquisition,Cross-calibration,,7,1,data-acquisition_cross-calibration,Cross-calibration,Cross-calibration,,phantom-data,phantom-data,phantom-data,,2,1,Phantom data,,char,,,0,,,,
FALSE,0,Data Acquisition,External Motion Correction,,8,1,data-acquisition_external-motion-correction,External Motion Correction,External Motion Correction,,hardware,hardware,hardware,,1,1,Hardware,,char,,,0,,,,
TRUE,0,Data Acquisition,External Motion Correction,,8,1,data-acquisition_external-motion-correction,External Motion Correction,External Motion Correction,,external-moco-software,external-moco-software,external-moco-software,,1,1,External MoCo software,,char,,,0,,,,
TRUE,0,Data Acquisition,External Motion Correction,,8,1,data-acquisition_external-motion-correction,External Motion Correction,External Motion Correction,,external-moco-software-version,external-moco-software-version,external-moco-software-version,,1,1,External MoCo software version,,char,,,0,,,,
FALSE,0,Data Analysis,Blood Data Processing,,80,1,data-analysis_blood-data-processing,Blood Data Processing,Blood Data Processing,,sampling-method,sampling-method,sampling-method,,1,1,Sampling Method,,radio,online system | manual | venous | arterial | image derived,,,,,,
TRUE,0,Data Analysis,Blood Data Processing,,80,1,data-analysis_blood-data-processing,Blood Data Processing,Blood Data Processing,,delay-time-correction,delay-time-correction,delay-time-correction,,2,1,Delay time correction,,boolean,,,,,,,
TRUE,0,Data Analysis,Blood Data Processing,,80,1,data-analysis_blood-data-processing,Blood Data Processing,Blood Data Processing,,fitting,fitting,fitting,,1,1,Fitting,,boolean,,,,,,,
TRUE,0,Data Analysis,Blood Data Processing,,80,1,data-analysis_blood-data-processing,Blood Data Processing,Blood Data Processing,,fitting-description,fitting-description,fitting-description,,1,fitting-description == 1,Fitting description,,char,,,,,,,
TRUE,0,Data Analysis,Blood Data Processing,,80,1,data-analysis_blood-data-processing,Blood Data Processing,Blood Data Processing,,blood-data-processing-interpolation,blood-data-processing-interpolation,blood-data-processing-interpolation,,1,1,Blood data processing interpolation,,char,,,,,,,
FALSE,0,Data Analysis,Kinetic Modeling,,80,1,data-analysis_kinetic-modeling,Kinetic Modeling,Kinetic Modeling,,model,model,model,,1,1,Model,,char,SRTM (provide specific citation),,,,,,
TRUE,0,Data Analysis,Kinetic Modeling,,80,1,data-analysis_kinetic-modeling,Kinetic Modeling,Kinetic Modeling,,reference-volume,reference-volume,reference-volume,,1,1,Reference volume,Cerebellum without vermis.,char,,,,,,,
TRUE,0,Data Analysis,Kinetic Modeling,,80,1,data-analysis_kinetic-modeling,Kinetic Modeling,Kinetic Modeling,,outcome-measure,outcome-measure,outcome-measure,,1,1,Outcome measure,,radio,BPND | K1 | k2 | R1,,,,,,
TRUE,0,Data Analysis,Kinetic Modeling,,80,1,data-analysis_kinetic-modeling,Kinetic Modeling,Kinetic Modeling,,weighting,weighting,weighting,,1,1,Weighting,,radio,equal weighting,,,,,,
TRUE,0,Data Analysis,Kinetic Modeling,,80,1,data-analysis_kinetic-modeling,Kinetic Modeling,Kinetic Modeling,,level-of-analysis,level-of-analysis,level-of-analysis,,1,1,Level of analysis,,radio,region | voxel | region+voxel,,,,,,
TRUE,0,Data Analysis,Kinetic Modeling,,80,1,data-analysis_kinetic-modeling,Kinetic Modeling,Kinetic Modeling,,kinetic-modelling-software,kinetic-modelling-software,kinetic-modelling-software,,1,1,Kinetic modelling software,,radio,PMOD v. 2.9,,,,,,
TRUE,0,Data Analysis,Kinetic Modeling,,80,1,data-analysis_kinetic-modeling,Kinetic Modeling,Kinetic Modeling,,kinetic-modelling-software-version,kinetic-modelling-software-version,kinetic-modelling-software-version,,1,1,Kinetic modelling software version,,char,,,,,,,
FALSE,0,Data Analysis,Preprocessing,Motion Correction,80,1,data-analysis_preprocessing_motion-correction,Motion Correction,Motion Correction,,moco-reference-image,moco-reference-image,moco-reference-image,,1,1,MoCo reference image,,radio,Summed PET image,,,,,,
TRUE,0,Data Analysis,Preprocessing,Motion Correction,80,1,data-analysis_preprocessing_motion-correction,Motion Correction,Motion Correction,,moco-cost-function,moco-cost-function,moco-cost-function,,1,1,MoCo cost function,,cost_function,,,,,,,
TRUE,0,Data Analysis,Preprocessing,Motion Correction,80,1,data-analysis_preprocessing_motion-correction,Motion Correction,Motion Correction,,moco-interpolation,moco-interpolation,moco-interpolation,,2,1,MoCo interpolation,,interpolation,,,,,,,
TRUE,0,Data Analysis,Preprocessing,Motion Correction,80,1,data-analysis_preprocessing_motion-correction,Motion Correction,Motion Correction,,moco-smoothing,moco-smoothing,moco-smoothing,,1,1,MoCo smoothing,10 mm FWHM,char,,,,,,,
TRUE,0,Data Analysis,Preprocessing,Motion Correction,80,1,data-analysis_preprocessing_motion-correction,Motion Correction,Motion Correction,,moco-quality-control,moco-quality-control,moco-quality-control,,2,1,MoCo quality control,Less than 3mm movement.,char,,,,,,,
TRUE,0,Data Analysis,Preprocessing,Motion Correction,80,1,data-analysis_preprocessing_motion-correction,Motion Correction,Motion Correction,,moco-software,moco-software,moco-software,,1,1,MoCo software,IR (provide specific citation),char,,,,,,,
TRUE,0,Data Analysis,Preprocessing,Motion Correction,80,1,data-analysis_preprocessing_motion-correction,Motion Correction,Motion Correction,,moco-software-version,moco-software-version,moco-software-version,,1,1,MoCo software version,,char,,,,,,,
FALSE,0,Data Analysis,Preprocessing,Registration,80,1,data-analysis_preprocessing_registration,Registration,Registration,,registration-reference-image,registration-reference-image,registration-reference-image,,1,1,Registration reference image,,radio,MP-RAGE T1,,,,,,
TRUE,0,Data Analysis,Preprocessing,Registration,80,1,data-analysis_preprocessing_registration,Registration,Registration,,registration-target-image,registration-target-image,registration-target-image,,1,1,Registration target image,,radio,Summed PET Image,,,,,,
TRUE,0,Data Analysis,Preprocessing,Registration,80,1,data-analysis_preprocessing_registration,Registration,Registration,,registration-cost-function,registration-cost-function,registration-cost-function,,1,1,Registration cost function,,cost_function,,,,,,,
TRUE,0,Data Analysis,Preprocessing,Registration,80,1,data-analysis_preprocessing_registration,Registration,Registration,,registration-interpolation,registration-interpolation,registration-interpolation,,2,1,Registration interpolation,,interpolation,,,,,,,
TRUE,0,Data Analysis,Preprocessing,Registration,80,1,data-analysis_preprocessing_registration,Registration,Registration,,registration-smoothing,registration-smoothing,registration-smoothing,,1,1,Registration smoothing,FWHM,float,,mm,,,,,
TRUE,0,Data Analysis,Preprocessing,Registration,80,1,data-analysis_preprocessing_registration,Registration,Registration,,resolution-of-reference-target,resolution-of-reference-target,resolution-of-reference-target,,2,1,Resolution of reference-target,,radio, 1 x 1 x 1 | 2 x 2 x 2,mm,,,,,
TRUE,0,Data Analysis,Preprocessing,Registration,80,1,data-analysis_preprocessing_registration,Registration,Registration,,registration-quality-control,registration-quality-control,registration-quality-control,,2,1,Registration quality control,Visual Assessment,char,,,,,,,
TRUE,0,Data Analysis,Preprocessing,Registration,80,1,data-analysis_preprocessing_registration,Registration,Registration,,registration-software,registration-software,registration-software,,1,1,Registration software,FreeSurfer (function: mri_vol2vol),mri_software,,,,,,,
TRUE,0,Data Analysis,Preprocessing,Registration,80,1,data-analysis_preprocessing_registration,Registration,Registration,,registration-software-version,registration-software-version,registration-software-version,,1,1,Registration software version,,radio,,,,,,,
TRUE,0,Data Analysis,Preprocessing,Registration,80,1,data-analysis_preprocessing_registration,Registration,Registration,,smoothing-target-image,smoothing-target-image,smoothing-target-image,,1,1,Smoothing target image,,radio,4D PET Image,,,,,,
TRUE,0,Data Analysis,Preprocessing,Registration,80,1,data-analysis_preprocessing_registration,Registration,Registration,,shape-of-smoothing-filter,shape-of-smoothing-filter,shape-of-smoothing-filter,,1,1,Shape of smoothing filter,,radio,3D Gaussian,,,,,,
TRUE,0,Data Analysis,Preprocessing,Registration,80,1,data-analysis_preprocessing_registration,Registration,Registration,,size-of-smoothing-filter,size-of-smoothing-filter,size-of-smoothing-filter,,1,1,Size of smoothing filter,FWHM,float,,mm,,,,,
TRUE,0,Data Analysis,Preprocessing,Registration,80,1,data-analysis_preprocessing_registration,Registration,Registration,,justification-for-smoothing-size,justification-for-smoothing-size,justification-for-smoothing-size,,2,1,Justification for smoothing size,Chosen to reflect the size of the amygdala.,char,,,,,,,
TRUE,0,Data Analysis,Preprocessing,Registration,80,1,data-analysis_preprocessing_registration,Registration,Registration,,space-of-smoothing,space-of-smoothing,space-of-smoothing,,1,1,Space of smoothing,,radio,MP-RAGE T1,,,,,,
FALSE,0,Data Analysis,Preprocessing,Volumes of interest delineation,80,1,data-analysis_preprocessing_volumes-of-interest-delineation,Volumes of interest delineation,Volumes of interest delineation,,volumes-of-interest-obtained-from,volumes-of-interest-obtained-from,volumes-of-interest-obtained-from,,1,1,Volumes of interest obtained from,,radio,MP-RAGE T1,,,,,,
TRUE,0,Data Analysis,Preprocessing,Volumes of interest delineation,80,1,data-analysis_preprocessing_volumes-of-interest-delineation,Volumes of interest delineation,Volumes of interest delineation,,volumes-of-interest-operational-criteria,volumes-of-interest-operational-criteria,volumes-of-interest-operational-criteria,,2,1,Volumes of interest operational criteria,The amygdala was defined as the region bounded dorsally.,char,,,,,,,
TRUE,0,Data Analysis,Preprocessing,Volumes of interest delineation,80,1,data-analysis_preprocessing_volumes-of-interest-delineation,Volumes of interest delineation,Volumes of interest delineation,,volumes-of-interest-mask,volumes-of-interest-mask,volumes-of-interest-mask,,1,1,Volumes of interest mask,gray matter mask | Other,char,,,,,,,
TRUE,0,Data Analysis,Preprocessing,Volumes of interest delineation,80,1,data-analysis_preprocessing_volumes-of-interest-delineation,Volumes of interest delineation,Volumes of interest delineation,,volumes-of-interest-procedure,volumes-of-interest-procedure,volumes-of-interest-procedure,,1,1,Volumes of interest procedure,,radio,automatic | manual | semi-automatic,,,,,,
TRUE,0,Data Analysis,Preprocessing,Volumes of interest delineation,80,1,data-analysis_preprocessing_volumes-of-interest-delineation,Volumes of interest delineation,Volumes of interest delineation,,volumes-of-interest,volumes-of-interest,volumes-of-interest,,1,1,Volumes of interest,Amygdala | Thalamus | Putamen | Other,char,,,,,,,
TRUE,0,Data Analysis,Preprocessing,Volumes of interest delineation,80,1,data-analysis_preprocessing_volumes-of-interest-delineation,Volumes of interest delineation,Volumes of interest delineation,,volumes-of-interest-software,volumes-of-interest-software,volumes-of-interest-software,,1,1,Volumes of interest software,PVELab (Svarer et al. 2005) | Other,char,,,,,,,
TRUE,0,Data Analysis,Preprocessing,Volumes of interest delineation,80,1,data-analysis_preprocessing_volumes-of-interest-delineation,Volumes of interest delineation,Volumes of interest delineation,,partial-volume-correction-technique,partial-volume-correction-technique,partial-volume-correction-technique,,1,1,Partial volume correction technique,Muller-Gartner | Other,char,,,,,,,
TRUE,0,Data Analysis,Preprocessing,Volumes of interest delineation,80,1,data-analysis_preprocessing_volumes-of-interest-delineation,Volumes of interest delineation,Volumes of interest delineation,,partial-volume-correction-assumptions,partial-volume-correction-assumptions,partial-volume-correction-assumptions,,1,1,Partial volume correction assumptions,80% gray matter threshold | PSF of 4 mm,char,,,,,,,
TRUE,0,Data Analysis,Preprocessing,Volumes of interest delineation,80,1,data-analysis_preprocessing_volumes-of-interest-delineation,Volumes of interest delineation,Volumes of interest delineation,,partial-volume-correction-software,partial-volume-correction-software,partial-volume-correction-software,,1,1,Partial volume correction software,FreeSurfer (function: mri_gtmpvc) | Other,char,,,,,,,
TRUE,0,Data Analysis,Preprocessing,Volumes of interest delineation,80,1,data-analysis_preprocessing_volumes-of-interest-delineation,Volumes of interest delineation,Volumes of interest delineation,,partial-volume-correction-software-version,partial-volume-correction-software-version,partial-volume-correction-software-version,,1,1,Partial volume correction software version,,char,,,,,,,
FALSE,0,Statistics,Multiple Testings,,90,1,statistics_multiple-testings,Multiple Testings,Multiple Testings,,method,method,method,,1,1,Method,,multiple_comparison,,,,,,,
TRUE,0,Statistics,Multiple Testings,,90,1,statistics_multiple-testings,Multiple Testings,Multiple Testings,,threshold,threshold,threshold,,1,1,Threshold,,slider,0 | 1,,,,,,
TRUE,0,Statistics,Multiple Testings,,90,1,statistics_multiple-testings,Multiple Testings,Multiple Testings,,number-of-tests,number-of-tests,number-of-tests,,1,1,Number of Tests,,int,,,,,,,
FALSE,0,Statistics,Power Analysis,,90,1,statistics_power-analysis,Power Analysis,Power Analysis,,alpha-level,alpha-level,alpha-level,,1,1,Alpha level,,slider,0 | 1,,,,,,
TRUE,0,Statistics,Power Analysis,,90,1,statistics_power-analysis,Power Analysis,Power Analysis,,power,power,power,,1,1,Power,,slider,0 | 100,,,,,,
TRUE,0,Statistics,Power Analysis,,90,1,statistics_power-analysis,Power Analysis,Power Analysis,,effect-size,effect-size,effect-size,,1,1,Effect Size,,float,,,,,,,
TRUE,0,Statistics,Power Analysis,,90,1,statistics_power-analysis,Power Analysis,Power Analysis,,variance-assumption,variance-assumption,variance-assumption,,1,1,Variance Assumption,,float,,,,,,,
TRUE,0,Statistics,Power Analysis,,90,1,statistics_power-analysis,Power Analysis,Power Analysis,,number-of-subjects-needed,number-of-subjects-needed,number-of-subjects-needed,,1,1,Number of Subjects Needed,,int,,,,,,,
FALSE,0,Statistics,Pre-registration,,90,1,statistics_pre-registration,Pre-registration,Pre-registration,,link,link,link,,2,1,Link,"Fill out protocol on e.g.,www.AsPredicted.org and provide link in the publication. ",char,,,,,,,