sub_section	preamble	question	unit	details	field_type	choices	item_pref_label	visibility	item_order	include	mandatory	activity_pref_label	activity_order
Pre-processing general	In this section, we will ask you about preprocessing decisions, such as analysis software, off-line filtering, re-referencing, artefact removal, epoching and baseline.	Did you use the same software for all pre-processing steps?		Preprocessing steps are fitlering, downsampling, re-referencing, artifact removal, epoching and baseline correction, and other up to the point of data collection	radio	preset:boolean	same_software	1	1	1	1	Preprocessing	5
Pre-processing general		Which software did you use?			select	preset:meeg_analysis_softwares	preprocessing_software	same_software == 1	2	1	1	Preprocessing	5
Pre-processing general		Specify software version if applicable, script language if "custom script" was selected, and software name and version if "other" was selected.			text		preprocessing_software_details	same_software == 1	3	1	1	Preprocessing	5
Pre-processing automated pipelines		Did you use an automated pre-processing pipeline which executes more than artifact removal decisions?		For example, this automated pipeline may also include filtering, baseline correction, or re-referencing.	radio	preset:boolean	preprocessing_pipeline	1	4	1	1	Preprocessing	5
Pre-processing automated pipelines		Which automated pre-processing pipeline did you use?			radio	PREP (Bigdely-Shamlo et al., 2015) | HAPPE (Gabard-Durnam et al., 2018) | HAPPE+ER (Monachino et al., 2021) | EPOS (Rodrigues et al., 2021) | other	preprocessing_pipeline_which	preprocessing_pipeline == 1	5	1	1	Preprocessing	5
Pre-processing automated pipelines		Automated pre-processing pipeline you used other than listed			text		preprocessing_pipeline_other	preprocessing_pipeline_which == 4	6	1	1	Preprocessing	5
Pre-processing automated pipelines		Reference for the automated pre-processing pipeline you applied.			text		preprocessing_pipeline_reference	preprocessing_pipeline == 1	7	1	1	Preprocessing	5
Pre-processing automated pipelines		Version of the automated pre-processing pipeline, if applicable			text		preprocessing_pipeline_version	preprocessing_pipeline == 1	8	1	1	Preprocessing	5
Pre-processing automated pipelines		Describe parameters and settings you used to run this automated pipeline, if applicable.			textarea		preprocessing_pipeline_parameters	preprocessing_pipeline == 1	9	1	1	Preprocessing	5
Offline filters		Did you apply any of the following offline (digital) filters?		This does not include filtering within automated pipelines, if you had applied any.	radio_multiple	high pass | low pass | notch | none	which_filters	1	10	1	1	Preprocessing	5
Offline filters		Which software do you use for implementing offline filters on EEG data?			select	preset:meeg_analysis_softwares	filtering_software	!which_filters.includes(3) && same_software == 0	11	1	1	Preprocessing	5
Offline filters		Specify software version if applicable, script language if "custom script" was selected, and software name and version if "other" was selected.			text		filter_software_details	!which_filters.includes(3) &&  same_software == 0	12	1	1	Preprocessing	5
Offline filters		What kind of high-pass filter did you use?			radio	preset:filter	offline_highpass_filter_type	which_filters.includes(0)	13	1	1	Preprocessing	5
Offline filters		What was the length/order of the high-pass filter?			float		offline_highpass_filter_order	which_filters.includes(0)	14	1	1	Preprocessing	5
Offline filters		Type of high-pass filter cut-off			radio	half-power | half-amplitude	offline_highpass_filter_unit	which_filters.includes(0)	15	1	1	Preprocessing	5
Offline filters		Specify the offline high-pass filter cut-off.	Hz		float		offline_highpass_filter_cutoff	which_filters.includes(0)	16	1	1	Preprocessing	5
Offline filters		Specify the offline high-pass filter roll off.	dB/octave		float		offline_highpass_filter_rolloff	which_filters.includes(0)	17	1	1	Preprocessing	5
Offline filters		What is the attenuation achieved in the stopband after high-pass filtering?	dB		float		offline_highpass_filter_attenuation	which_filters.includes(0)	18	1	1	Preprocessing	5
Offline filters		What was the direction of the high-pass filter?			radio	forwards | backwards | forwards and backwards	offline_highpass_filter_direction	which_filters.includes(0)	19	1	1	Preprocessing	5
Offline filters		What kind of low-pass filter did you use?			radio	preset:filter	offline_lowpass_filter_type	which_filters.includes(1)	20	1	1	Preprocessing	5
Offline filters		What was the length/order of the low-pass filter?			float		offline_lowpass_filter_order	which_filters.includes(1)	21	1	1	Preprocessing	5
Offline filters		Type of high-pass filter cut-off			radio	half-power | half-amplitude	offline_lowpass_filter_unit	which_filters.includes(1)	22	1	1	Preprocessing	5
Offline filters		Specify the offline low-pass filter cut-off.	Hz		float		offline_lowpass_filter_cutoff	which_filters.includes(1)	23	1	1	Preprocessing	5
Offline filters		Specify the offline low-pass filter roll off.	dB/octave		float		offline_lowpass_filter_rolloff	which_filters.includes(1)	24	1	1	Preprocessing	5
Offline filters		What is the attenuation achieved in the stopband after low-pass filtering?	dB		float		offline_lowpass_filter_attenuation	which_filters.includes(1)	25	1	1	Preprocessing	5
Offline filters		What was the direction of the low-pass filter?			radio	forwards | backwards | forwards and backwards	offline_lowpass_filter_direction	which_filters.includes(1)	26	1	1	Preprocessing	5
Offline filters		What notch filter have you applied after the recording?			radio	50 Hz | 60 Hz | other	offline_notch_filter_type	which_filters.includes(2)	27	1	1	Preprocessing	5
Offline filters		Describe the stopband frequency of the notch filter you applied			text		offline_notch_filter_type_details	offline_notch_filter_type == 2	28	1	1	Preprocessing	5
Downsampling		Did you downsample your data?			radio	preset:boolean	downsample_data	1	29	1	1	Preprocessing	5
Downsampling		What software did you use for downsampling?			select	preset:meeg_analysis_softwares	downsample_software	downsample_data == 1 && same_software == 0	30	1	1	Preprocessing	5
Downsampling		Specify software version if applicable, script language if "custom script" was selected and software name and version if "other" was selected.			text		downsample_software_details	downsample_data == 1 && same_software == 0	31	1	1	Preprocessing	5
Downsampling		If yes, what was your new sampling frequency?	Hz		float		new_sampling_frequency	downsample_data == 1	32	1	1	Preprocessing	5
Re-referencing		Did you re-reference offline?		This does not include re-referencing within automated pipelines, if you had applied any.	radio	preset:boolean	offline_reference	1	33	1	1	Preprocessing	5
Re-referencing		Which analysis software do you use for re-referencing on EEG data?			select	preset:meeg_analysis_softwares	rereference_software	offline_reference == 1 && same_software == 0	34	1	1	Preprocessing	5
Re-referencing		Specify software version if applicable, script language if "custom script" was selected, and software name and version if "other" was selected.			text		rereference_software_details	offline_reference == 1 && same_software == 0	35	1	1	Preprocessing	5
Re-referencing		What was the new reference?			text		new_reference	offline_reference == 1	36	1	1	Preprocessing	5
Artifacts		How many artifact elimination steps did you have?		This section refers to artifact removal (correction, rejection) methods other than elimating participants from the sample, which should be described in the Experimental design and sample section. This section should not include artifact removal within automated pipelines already described above.	integer		artifact_steps_number	1	37	1	1	Preprocessing	5
Artifacts		What action did you take regarding artifacts in step 1?			radio	reject bad trial or bad data segment | correct by subtraction (blinks, EKG etc.) | reject channels | interpolate channels | multi-step automated approach (e.g., FASTER)	artifact_1	artifact_steps_number >= 1	38	1	1	Preprocessing	5
Artifacts		What software did you use for artifact removal in step 1?			select	preset:meeg_analysis_softwares	artifact_1_software	artifact_steps_number >= 1 && same_software == 0	39	1	1	Preprocessing	5
Artifacts		Specify software version if applicable, script language if "custom script" was selected and software name and version if "other" was selected.			text		artifact_1_software_details	artifact_steps_number >= 1&& same_software == 0	40	1	1	Preprocessing	5
Artifacts		Did you reject trials or segments of continuous data in step 1?			radio	trials | data segments	artifact_1_reject_what	artifact_steps_number >= 1 && artifact_1 == 0	41	1	1	Preprocessing	5
Artifacts		How did you define your artifacts in step 1?			radio	visual inspection | pre-set numerical criterion/function | other	artifact_1_reject_method	artifact_steps_number >= 1 && artifact_1 == 0	42	1	1	Preprocessing	5
Artifacts		Which artifacts did you remove using visual inspection in step 1?			select_multiple	blinks | saccades | other occular | cardiac | motion and other EMG noise | alpha waves | line noise | other	artifact_1_reject_visual	artifact_steps_number >= 1 && artifact_1_reject_method == 0	43	1	1	Preprocessing	5
Artifacts		Which other artifacts did you remove visually?			text		artifact_1_reject_visual_other	artifact_1_reject_visual.includes(7)	44	1	1	Preprocessing	5
Artifacts		Describe your numerical criterion/function and provide numerical threshold(s) in step 1.			text		artifact_1_reject_numerical	artifact_steps_number >= 1 && artifact_1_reject_method == 1	45	1	1	Preprocessing	5
Artifacts		Describe your method of artifact rejection other than visual inspection or numerical criterion/function. Make sure that there is enough detail for a replication attempt.			text		artifact_1_reject_other	artifact_steps_number >= 1 && artifact_1_reject_method == 2	46	1	1	Preprocessing	5
Artifacts		Which general method of artifact correction did you use in step 1?			select	regression-based approach (e.g., Gratton et al., 1983, Elbert et al., 1985) | spatial-filter-based approach (e.g., Dale, 1994) | ICA-based approaches | wavelet-based | wavelet-enhanced ICA (e.g., Khushaba et al, 2013) | multiple-source-analysis-based approaches (e.g., MSEC by Berg & Scherg, 1994) | other	artifact_1_correct_method	artifact_steps_number >= 1 && artifact_1 == 1	47	1	1	Preprocessing	5
Artifacts		Reference to the artifact correction algorithm used in step 1			text		artifact_1_correct_reference	artifact_steps_number >= 1 && artifact_1 == 1	48	1	1	Preprocessing	5
Artifacts		Describe artifact correction parameters in detail sufficient for replication.		For example, provide numerical parameters, options selected, or describe decision-making process as closely as possible if manual, visual-inspection based decisions were involved.	textarea		artifact_1_correct_details	artifact_steps_number >= 1 && artifact_1 == 1	49	1	1	Preprocessing	5
Artifacts		From which data did you eliminate bad channels in step 1?			radio	from individual trials | from segments of continuous data | from the entire recording	artifact_1_remove_electrode_where	artifact_steps_number >= 1 && artifact_1 == 2	50	1	1	Preprocessing	5
Artifacts		List of channels eliminated in step 1, separated by a semicolon and a space.			text		artifact_1_remove_electrode_list	artifact_steps_number >= 1 && artifact_1 == 2	51	1	1	Preprocessing	5
Artifacts		What was the criterion for eliminating bad channels in step 1?			radio	visual inspection | pre-set numerical criterion/function | other	artifact_1_remove_electrode_method	artifact_steps_number >= 1 && artifact_1 == 2	52	1	1	Preprocessing	5
Artifacts		Why did you remove bad electrodes in step 1?			select_multiple	excessive line noise | excessive muscle activity | bad contact and other large fluctations in voltage | dead electrode | excessive EMG noise | cardiac activity | other	artifact_1_remove_electrode_visual	artifact_steps_number >= 1 && artifact_1_remove_electrode_method == 0	53	1	1	Preprocessing	5
Artifacts		Which other reasons did you have for eliminating bad electrodes visually in step 1?			text		artifact_1_remove_electrode_visual_other	artifact_steps_number >= 1 && artifact_1_remove_electrode_visual == 6	54	1	1	Preprocessing	5
Artifacts		Describe your numerical criterion/function for eliminating electrodes and provide numerical threshold(s) in step 1.			text		artifact_1_remove_electrode_numerical	artifact_steps_number >= 1 && artifact_1_remove_electrode_method == 1	55	1	1	Preprocessing	5
Artifacts		Describe your method of electrode rejection other than visual inspection or numerical criterion/function. Make sure that there is enough detail for a replication attempt.			text		artifact_1_remove_electrode_other	artifact_steps_number >= 1 && artifact_1_remove_electrode_method == 2	56	1	1	Preprocessing	5
Artifacts		How did you select channels for interpolation in step 1?		Describe the numerical threshold or function used to define which channels should be interpolated.	textarea		artifact_1_interpolate_which	artifact_steps_number >= 1 && artifact_1 == 3	57	1	1	Preprocessing	5
Artifacts		Describe interpolation function and the settings you used in step 1.		Provide appropriate details and settings, as well as a reference, if appropriate.	textarea		artifact_1_interpolate_how	artifact_steps_number >= 1 && artifact_1 == 3	58	1	1	Preprocessing	5
Artifacts		Reference to the automated artifact removal algorithm used in step 1			text		artifact_1_automated_reference	artifact_steps_number >= 1 && artifact_1 == 4	59	1	1	Preprocessing	5
Artifacts		Describe automated artifact removal parameters in detail sufficient for replication.		For example, provide numerical parameters, options selected, or describe decision-making process as closely as possible if manual, visual-inspection based decisions were involved.	textarea		artifact_1_automated_parameters	artifact_steps_number >= 1 && artifact_1 == 4	60	1	1	Preprocessing	5
Artifacts		What action did you take regarding artifacts in step 2?			radio	reject bad trial or bad data segment | correct by subtraction (blinks, EKG etc.) | reject channels | interpolate channels | multi-step automated approach (e.g., FASTER)	artifact_2	artifact_steps_number >= 2	61	1	1	Preprocessing	5
Artifacts		What software did you use for artifact removal in step 2?			select	preset:meeg_analysis_softwares	artifact_2_software	artifact_steps_number >= 2 && same_software == 0	62	1	1	Preprocessing	5
Artifacts		Specify software version if applicable, script language if "custom script" was selected and software name and version if "other" was selected.			text		artifact_2_software_details	artifact_steps_number >= 2&& same_software == 0	63	1	1	Preprocessing	5
Artifacts		Did you reject trials or segments of continuous data in step 2?			radio	trials | data segments	artifact_2_reject_what	artifact_steps_number >= 2 && artifact_2 == 0	64	1	1	Preprocessing	5
Artifacts		How did you define your artifacts in step 2?			radio	visual inspection | pre-set numerical criterion/function | other	artifact_2_reject_method	artifact_steps_number >= 2 && artifact_2 == 0	65	1	1	Preprocessing	5
Artifacts		Which artifacts did you remove using visual inspection in step 2?			select_multiple	blinks | saccades | other occular | cardiac | motion and other EMG noise | alpha waves | line noise | other	artifact_2_reject_visual	artifact_steps_number >= 2 && artifact_2_reject_method == 0	66	1	1	Preprocessing	5
Artifacts		Which other artifacts did you remove visually?			text		artifact_2_reject_visual_other	artifact_2_reject_visual.includes(7)	67	1	1	Preprocessing	5
Artifacts		Describe your numerical criterion/function and provide numerical threshold(s) in step 2.			text		artifact_2_reject_numerical	artifact_steps_number >= 2 && artifact_2_reject_method == 1	68	1	1	Preprocessing	5
Artifacts		Describe your method of artifact rejection other than visual inspection or numerical criterion/function. Make sure that there is enough detail for a replication attempt.			text		artifact_2_reject_other	artifact_steps_number >= 2 && artifact_2_reject_method == 2	69	1	1	Preprocessing	5
Artifacts		Which general method of artifact correction did you use in step 2?			select	regression-based approach (e.g., Gratton et al., 1983, Elbert et al., 1985) | spatial-filter-based approach (e.g., Dale, 1994) | ICA-based approaches | wavelet-based | wavelet-enhanced ICA (e.g., Khushaba et al, 2013) | multiple-source-analysis-based approaches (e.g., MSEC by Berg & Scherg, 1994) | other	artifact_2_correct_method	artifact_steps_number >= 2 && artifact_2 == 1	70	1	1	Preprocessing	5
Artifacts		Reference to the artifact correction algorithm used in step 2			text		artifact_2_correct_reference	artifact_steps_number >= 2 && artifact_2 == 1	71	1	1	Preprocessing	5
Artifacts		Describe artifact correction parameters in detail sufficient for replication.		For example, provide numerical parameters, options selected, or describe decision-making process as closely as possible if manual, visual-inspection based decisions were involved.	textarea		artifact_2_correct_details	artifact_steps_number >= 2 && artifact_2 == 1	72	1	1	Preprocessing	5
Artifacts		From which data did you eliminate bad channels in step 2?			radio	from individual trials | from segments of continuous data | from the entire recording	artifact_2_remove_electrode_where	artifact_steps_number >= 2 && artifact_2 == 2	73	1	1	Preprocessing	5
Artifacts		List of channels eliminated in step 2, separated by a semicolon and a space.			text		artifact_2_remove_electrode_list	artifact_steps_number >= 2 && artifact_2 == 2	74	1	1	Preprocessing	5
Artifacts		What was the criterion for eliminating bad channels in step 2?			radio	visual inspection | pre-set numerical criterion/function | other	artifact_2_remove_electrode_method	artifact_steps_number >= 2 && artifact_2 == 2	75	1	1	Preprocessing	5
Artifacts		Why did you remove bad electrodes in step 2?			select_multiple	excessive line noise | excessive muscle activity | bad contact and other large fluctations in voltage | dead electrode | excessive EMG noise | cardiac activity | other	artifact_2_remove_electrode_visual	artifact_steps_number >= 2 && artifact_2_remove_electrode_method == 0	76	1	1	Preprocessing	5
Artifacts		Which other reasons did you have for eliminating bad electrodes visually in step 2?			text		artifact_2_remove_electrode_visual_other	artifact_steps_number >= 2 && artifact_2_remove_electrode_visual == 6	77	1	1	Preprocessing	5
Artifacts		Describe your numerical criterion/function for eliminating electrodes and provide numerical threshold(s) in step 2.			text		artifact_2_remove_electrode_numerical	artifact_steps_number >= 2 && artifact_2_remove_electrode_method == 1	78	1	1	Preprocessing	5
Artifacts		Describe your method of electrode rejection other than visual inspection or numerical criterion/function. Make sure that there is enough detail for a replication attempt.			text		artifact_2_remove_electrode_other	artifact_steps_number >= 2 && artifact_2_remove_electrode_method == 2	79	1	1	Preprocessing	5
Artifacts		How did you select channels for interpolation in step 2?		Describe the numerical threshold or function used to define which channels should be interpolated.	textarea		artifact_2_interpolate_which	artifact_steps_number >= 2 && artifact_2 == 3	80	1	1	Preprocessing	5
Artifacts		Describe interpolation function and the settings you used in step 2.		Provide appropriate details and settings, as well as a reference, if appropriate.	textarea		artifact_2_interpolate_how	artifact_steps_number >= 2 && artifact_2 == 3	81	1	1	Preprocessing	5
Artifacts		Reference to the automated artifact removal algorithm used in step 2			text		artifact_2_automated_reference	artifact_steps_number >= 2 && artifact_2 == 4	82	1	1	Preprocessing	5
Artifacts		Describe automated artifact removal parameters in detail sufficient for replication.		For example, provide numerical parameters, options selected, or describe decision-making process as closely as possible if manual, visual-inspection based decisions were involved.	textarea		artifact_2_automated_parameters	artifact_steps_number >= 2 && artifact_2 == 4	83	1	1	Preprocessing	5
Artifacts		What action did you take regarding artifacts in step 3?			radio	reject bad trial or bad data segment | correct by subtraction (blinks, EKG etc.) | reject channels | interpolate channels | multi-step automated approach (e.g., FASTER)	artifact_3	artifact_steps_number >= 3	84	1	1	Preprocessing	5
Artifacts		What software did you use for artifact removal in step 3?			select	preset:meeg_analysis_softwares	artifact_3_software	artifact_steps_number >= 3 && same_software == 0	85	1	1	Preprocessing	5
Artifacts		Specify software version if applicable, script language if "custom script" was selected and software name and version if "other" was selected.			text		artifact_3_software_details	artifact_steps_number >= 3&& same_software == 0	86	1	1	Preprocessing	5
Artifacts		Did you reject trials or segments of continuous data in step 3?			radio	trials | data segments	artifact_3_reject_what	artifact_steps_number >= 3 && artifact_3 == 0	87	1	1	Preprocessing	5
Artifacts		How did you define your artifacts in step 3?			radio	visual inspection | pre-set numerical criterion/function | other	artifact_3_reject_method	artifact_steps_number >= 3 && artifact_3 == 0	88	1	1	Preprocessing	5
Artifacts		Which artifacts did you remove using visual inspection in step 3?			select_multiple	blinks | saccades | other occular | cardiac | motion and other EMG noise | alpha waves | line noise | other	artifact_3_reject_visual	artifact_steps_number >= 3 && artifact_3_reject_method == 0	89	1	1	Preprocessing	5
Artifacts		Which other artifacts did you remove visually?			text		artifact_3_reject_visual_other	artifact_3_reject_visual.includes(7)	90	1	1	Preprocessing	5
Artifacts		Describe your numerical criterion/function and provide numerical threshold(s) in step 3.			text		artifact_3_reject_numerical	artifact_steps_number >= 3 && artifact_3_reject_method == 1	91	1	1	Preprocessing	5
Artifacts		Describe your method of artifact rejection other than visual inspection or numerical criterion/function. Make sure that there is enough detail for a replication attempt.			text		artifact_3_reject_other	artifact_steps_number >= 3 && artifact_3_reject_method == 2	92	1	1	Preprocessing	5
Artifacts		Which general method of artifact correction did you use in step 3?			select	regression-based approach (e.g., Gratton et al., 1983, Elbert et al., 1985) | spatial-filter-based approach (e.g., Dale, 1994) | ICA-based approaches | wavelet-based | wavelet-enhanced ICA (e.g., Khushaba et al, 2013) | multiple-source-analysis-based approaches (e.g., MSEC by Berg & Scherg, 1994) | other	artifact_3_correct_method	artifact_steps_number >= 3 && artifact_3 == 1	93	1	1	Preprocessing	5
Artifacts		Reference to the artifact correction algorithm used in step 3			text		artifact_3_correct_reference	artifact_steps_number >= 3 && artifact_3 == 1	94	1	1	Preprocessing	5
Artifacts		Describe artifact correction parameters in detail sufficient for replication.		For example, provide numerical parameters, options selected, or describe decision-making process as closely as possible if manual, visual-inspection based decisions were involved.	textarea		artifact_3_correct_details	artifact_steps_number >= 3 && artifact_3 == 1	95	1	1	Preprocessing	5
Artifacts		From which data did you eliminate bad channels in step 3?			radio	from individual trials | from segments of continuous data | from the entire recording	artifact_3_remove_electrode_where	artifact_steps_number >= 3 && artifact_3 == 2	96	1	1	Preprocessing	5
Artifacts		List of channels eliminated in step 3, separated by a semicolon and a space.			text		artifact_3_remove_electrode_list	artifact_steps_number >= 3 && artifact_3 == 2	97	1	1	Preprocessing	5
Artifacts		What was the criterion for eliminating bad channels in step 3?			radio	visual inspection | pre-set numerical criterion/function | other	artifact_3_remove_electrode_method	artifact_steps_number >= 3 && artifact_3 == 2	98	1	1	Preprocessing	5
Artifacts		Why did you remove bad electrodes in step 3?			select_multiple	excessive line noise | excessive muscle activity | bad contact and other large fluctations in voltage | dead electrode | excessive EMG noise | cardiac activity | other	artifact_3_remove_electrode_visual	artifact_steps_number >= 3 && artifact_3_remove_electrode_method == 0	99	1	1	Preprocessing	5
Artifacts		Which other reasons did you have for eliminating bad electrodes visually in step 3?			text		artifact_3_remove_electrode_visual_other	artifact_steps_number >= 3 && artifact_3_remove_electrode_visual == 6	100	1	1	Preprocessing	5
Artifacts		Describe your numerical criterion/function for eliminating electrodes and provide numerical threshold(s) in step 3.			text		artifact_3_remove_electrode_numerical	artifact_steps_number >= 3 && artifact_3_remove_electrode_method == 1	101	1	1	Preprocessing	5
Artifacts		Describe your method of electrode rejection other than visual inspection or numerical criterion/function. Make sure that there is enough detail for a replication attempt.			text		artifact_3_remove_electrode_other	artifact_steps_number >= 3 && artifact_3_remove_electrode_method == 2	102	1	1	Preprocessing	5
Artifacts		How did you select channels for interpolation in step 3?		Describe the numerical threshold or function used to define which channels should be interpolated.	textarea		artifact_3_interpolate_which	artifact_steps_number >= 3 && artifact_3 == 3	103	1	1	Preprocessing	5
Artifacts		Describe interpolation function and the settings you used in step 3.		Provide appropriate details and settings, as well as a reference, if appropriate.	textarea		artifact_3_interpolate_how	artifact_steps_number >= 3 && artifact_3 == 3	104	1	1	Preprocessing	5
Artifacts		Reference to the automated artifact removal algorithm used in step 3			text		artifact_3_automated_reference	artifact_steps_number >= 3 && artifact_3 == 4	105	1	1	Preprocessing	5
Artifacts		Describe automated artifact removal parameters in detail sufficient for replication.		For example, provide numerical parameters, options selected, or describe decision-making process as closely as possible if manual, visual-inspection based decisions were involved.	textarea		artifact_3_automated_parameters	artifact_steps_number >= 3 && artifact_3 == 4	106	1	1	Preprocessing	5
Artifacts		What action did you take regarding artifacts in step 4?			radio	reject bad trial or bad data segment | correct by subtraction (blinks, EKG etc.) | reject channels | interpolate channels | multi-step automated approach (e.g., FASTER)	artifact_4	artifact_steps_number >= 4	107	1	1	Preprocessing	5
Artifacts		What software did you use for artifact removal in step 4?			select	preset:meeg_analysis_softwares	artifact_4_software	artifact_steps_number >= 4 && same_software == 0	108	1	1	Preprocessing	5
Artifacts		Specify software version if applicable, script language if "custom script" was selected and software name and version if "other" was selected.			text		artifact_4_software_details	artifact_steps_number >= 4&& same_software == 0	109	1	1	Preprocessing	5
Artifacts		Did you reject trials or segments of continuous data in step 4?			radio	trials | data segments	artifact_4_reject_what	artifact_steps_number >= 4 && artifact_4 == 0	110	1	1	Preprocessing	5
Artifacts		How did you define your artifacts in step 4?			radio	visual inspection | pre-set numerical criterion/function | other	artifact_4_reject_method	artifact_steps_number >= 4 && artifact_4 == 0	111	1	1	Preprocessing	5
Artifacts		Which artifacts did you remove using visual inspection in step 4?			select_multiple	blinks | saccades | other occular | cardiac | motion and other EMG noise | alpha waves | line noise | other	artifact_4_reject_visual	artifact_steps_number >= 4 && artifact_4_reject_method == 0	112	1	1	Preprocessing	5
Artifacts		Which other artifacts did you remove visually?			text		artifact_4_reject_visual_other	artifact_4_reject_visual.includes(7)	113	1	1	Preprocessing	5
Artifacts		Describe your numerical criterion/function and provide numerical threshold(s) in step 4.			text		artifact_4_reject_numerical	artifact_steps_number >= 4 && artifact_4_reject_method == 1	114	1	1	Preprocessing	5
Artifacts		Describe your method of artifact rejection other than visual inspection or numerical criterion/function. Make sure that there is enough detail for a replication attempt.			text		artifact_4_reject_other	artifact_steps_number >= 4 && artifact_4_reject_method == 2	115	1	1	Preprocessing	5
Artifacts		Which general method of artifact correction did you use in step 4?			select	regression-based approach (e.g., Gratton et al., 1983, Elbert et al., 1985) | spatial-filter-based approach (e.g., Dale, 1994) | ICA-based approaches | wavelet-based | wavelet-enhanced ICA (e.g., Khushaba et al, 2013) | multiple-source-analysis-based approaches (e.g., MSEC by Berg & Scherg, 1994) | other	artifact_4_correct_method	artifact_steps_number >= 4 && artifact_4 == 1	116	1	1	Preprocessing	5
Artifacts		Reference to the artifact correction algorithm used in step 4			text		artifact_4_correct_reference	artifact_steps_number >= 4 && artifact_4 == 1	117	1	1	Preprocessing	5
Artifacts		Describe artifact correction parameters in detail sufficient for replication.		For example, provide numerical parameters, options selected, or describe decision-making process as closely as possible if manual, visual-inspection based decisions were involved.	textarea		artifact_4_correct_details	artifact_steps_number >= 4 && artifact_4 == 1	118	1	1	Preprocessing	5
Artifacts		From which data did you eliminate bad channels in step 4?			radio	from individual trials | from segments of continuous data | from the entire recording	artifact_4_remove_electrode_where	artifact_steps_number >= 4 && artifact_4 == 2	119	1	1	Preprocessing	5
Artifacts		List of channels eliminated in step 4, separated by a semicolon and a space.			text		artifact_4_remove_electrode_list	artifact_steps_number >= 4 && artifact_4 == 2	120	1	1	Preprocessing	5
Artifacts		What was the criterion for eliminating bad channels in step 4?			radio	visual inspection | pre-set numerical criterion/function | other	artifact_4_remove_electrode_method	artifact_steps_number >= 4 && artifact_4 == 2	121	1	1	Preprocessing	5
Artifacts		Why did you remove bad electrodes in step 4?			select_multiple	excessive line noise | excessive muscle activity | bad contact and other large fluctations in voltage | dead electrode | excessive EMG noise | cardiac activity | other	artifact_4_remove_electrode_visual	artifact_steps_number >= 4 && artifact_4_remove_electrode_method == 0	122	1	1	Preprocessing	5
Artifacts		Which other reasons did you have for eliminating bad electrodes visually in step 4?			text		artifact_4_remove_electrode_visual_other	artifact_steps_number >= 4 && artifact_4_remove_electrode_visual == 6	123	1	1	Preprocessing	5
Artifacts		Describe your numerical criterion/function for eliminating electrodes and provide numerical threshold(s) in step 4.			text		artifact_4_remove_electrode_numerical	artifact_steps_number >= 4 && artifact_4_remove_electrode_method == 1	124	1	1	Preprocessing	5
Artifacts		Describe your method of electrode rejection other than visual inspection or numerical criterion/function. Make sure that there is enough detail for a replication attempt.			text		artifact_4_remove_electrode_other	artifact_steps_number >= 4 && artifact_4_remove_electrode_method == 2	125	1	1	Preprocessing	5
Artifacts		How did you select channels for interpolation in step 4?		Describe the numerical threshold or function used to define which channels should be interpolated.	textarea		artifact_4_interpolate_which	artifact_steps_number >= 4 && artifact_4 == 3	126	1	1	Preprocessing	5
Artifacts		Describe interpolation function and the settings you used in step 4.		Provide appropriate details and settings, as well as a reference, if appropriate.	textarea		artifact_4_interpolate_how	artifact_steps_number >= 4 && artifact_4 == 3	127	1	1	Preprocessing	5
Artifacts		Reference to the automated artifact removal algorithm used in step 4			text		artifact_4_automated_reference	artifact_steps_number >= 4 && artifact_4 == 4	128	1	1	Preprocessing	5
Artifacts		Describe automated artifact removal parameters in detail sufficient for replication.		For example, provide numerical parameters, options selected, or describe decision-making process as closely as possible if manual, visual-inspection based decisions were involved.	textarea		artifact_4_automated_parameters	artifact_steps_number >= 4 && artifact_4 == 4	129	1	1	Preprocessing	5
Artifacts		What action did you take regarding artifacts in step 5?			radio	reject bad trial or bad data segment | correct by subtraction (blinks, EKG etc.) | reject channels | interpolate channels | multi-step automated approach (e.g., FASTER)	artifact_5	artifact_steps_number >= 5	130	1	1	Preprocessing	5
Artifacts		What software did you use for artifact removal in step 5?			select	preset:meeg_analysis_softwares	artifact_5_software	artifact_steps_number >= 5 && same_software == 0	131	1	1	Preprocessing	5
Artifacts		Specify software version if applicable, script language if "custom script" was selected and software name and version if "other" was selected.			text		artifact_5_software_details	artifact_steps_number >= 5&& same_software == 0	132	1	1	Preprocessing	5
Artifacts		Did you reject trials or segments of continuous data in step 5?			radio	trials | data segments	artifact_5_reject_what	artifact_steps_number >= 5 && artifact_5 == 0	133	1	1	Preprocessing	5
Artifacts		How did you define your artifacts in step 5?			radio	visual inspection | pre-set numerical criterion/function | other	artifact_5_reject_method	artifact_steps_number >= 5 && artifact_5 == 0	134	1	1	Preprocessing	5
Artifacts		Which artifacts did you remove using visual inspection in step 5?			select_multiple	blinks | saccades | other occular | cardiac | motion and other EMG noise | alpha waves | line noise | other	artifact_5_reject_visual	artifact_steps_number >= 5 && artifact_5_reject_method == 0	135	1	1	Preprocessing	5
Artifacts		Which other artifacts did you remove visually?			text		artifact_5_reject_visual_other	artifact_5_reject_visual.includes(7)	136	1	1	Preprocessing	5
Artifacts		Describe your numerical criterion/function and provide numerical threshold(s) in step 5.			text		artifact_5_reject_numerical	artifact_steps_number >= 5 && artifact_5_reject_method == 1	137	1	1	Preprocessing	5
Artifacts		Describe your method of artifact rejection other than visual inspection or numerical criterion/function. Make sure that there is enough detail for a replication attempt.			text		artifact_5_reject_other	artifact_steps_number >= 5 && artifact_5_reject_method == 2	138	1	1	Preprocessing	5
Artifacts		Which general method of artifact correction did you use in step 5?			select	regression-based approach (e.g., Gratton et al., 1983, Elbert et al., 1985) | spatial-filter-based approach (e.g., Dale, 1994) | ICA-based approaches | wavelet-based | wavelet-enhanced ICA (e.g., Khushaba et al, 2013) | multiple-source-analysis-based approaches (e.g., MSEC by Berg & Scherg, 1994) | other	artifact_5_correct_method	artifact_steps_number >= 5 && artifact_5 == 1	139	1	1	Preprocessing	5
Artifacts		Reference to the artifact correction algorithm used in step 5			text		artifact_5_correct_reference	artifact_steps_number >= 5 && artifact_5 == 1	140	1	1	Preprocessing	5
Artifacts		Describe artifact correction parameters in detail sufficient for replication.		For example, provide numerical parameters, options selected, or describe decision-making process as closely as possible if manual, visual-inspection based decisions were involved.	textarea		artifact_5_correct_details	artifact_steps_number >= 5 && artifact_5 == 1	141	1	1	Preprocessing	5
Artifacts		From which data did you eliminate bad channels in step 5?			radio	from individual trials | from segments of continuous data | from the entire recording	artifact_5_remove_electrode_where	artifact_steps_number >= 5 && artifact_5 == 2	142	1	1	Preprocessing	5
Artifacts		List of channels eliminated in step 5, separated by a semicolon and a space.			text		artifact_5_remove_electrode_list	artifact_steps_number >= 5 && artifact_5 == 2	143	1	1	Preprocessing	5
Artifacts		What was the criterion for eliminating bad channels in step 5?			radio	visual inspection | pre-set numerical criterion/function | other	artifact_5_remove_electrode_method	artifact_steps_number >= 5 && artifact_5 == 2	144	1	1	Preprocessing	5
Artifacts		Why did you remove bad electrodes in step 5?			select_multiple	excessive line noise | excessive muscle activity | bad contact and other large fluctations in voltage | dead electrode | excessive EMG noise | cardiac activity | other	artifact_5_remove_electrode_visual	artifact_steps_number >= 5 && artifact_5_remove_electrode_method == 0	145	1	1	Preprocessing	5
Artifacts		Which other reasons did you have for eliminating bad electrodes visually in step 5?			text		artifact_5_remove_electrode_visual_other	artifact_steps_number >= 5 && artifact_5_remove_electrode_visual == 6	146	1	1	Preprocessing	5
Artifacts		Describe your numerical criterion/function for eliminating electrodes and provide numerical threshold(s) in step 5.			text		artifact_5_remove_electrode_numerical	artifact_steps_number >= 5 && artifact_5_remove_electrode_method == 1	147	1	1	Preprocessing	5
Artifacts		Describe your method of electrode rejection other than visual inspection or numerical criterion/function. Make sure that there is enough detail for a replication attempt.			text		artifact_5_remove_electrode_other	artifact_steps_number >= 5 && artifact_5_remove_electrode_method == 2	148	1	1	Preprocessing	5
Artifacts		How did you select channels for interpolation in step 5?		Describe the numerical threshold or function used to define which channels should be interpolated.	textarea		artifact_5_interpolate_which	artifact_steps_number >= 5 && artifact_5 == 3	149	1	1	Preprocessing	5
Artifacts		Describe interpolation function and the settings you used in step 5.		Provide appropriate details and settings, as well as a reference, if appropriate.	textarea		artifact_5_interpolate_how	artifact_steps_number >= 5 && artifact_5 == 3	150	1	1	Preprocessing	5
Artifacts		Reference to the automated artifact removal algorithm used in step 5			text		artifact_5_automated_reference	artifact_steps_number >= 5 && artifact_5 == 4	151	1	1	Preprocessing	5
Artifacts		Describe automated artifact removal parameters in detail sufficient for replication.		For example, provide numerical parameters, options selected, or describe decision-making process as closely as possible if manual, visual-inspection based decisions were involved.	textarea		artifact_5_automated_parameters	artifact_steps_number >= 5 && artifact_5 == 4	152	1	1	Preprocessing	5
Artifacts		What action did you take regarding artifacts in step 6?			radio	reject bad trial or bad data segment | correct by subtraction (blinks, EKG etc.) | reject channels | interpolate channels | multi-step automated approach (e.g., FASTER)	artifact_6	artifact_steps_number >= 6	153	1	1	Preprocessing	5
Artifacts		What software did you use for artifact removal in step 6?			select	preset:meeg_analysis_softwares	artifact_6_software	artifact_steps_number >= 6 && same_software == 0	154	1	1	Preprocessing	5
Artifacts		Specify software version if applicable, script language if "custom script" was selected and software name and version if "other" was selected.			text		artifact_6_software_details	artifact_steps_number >= 6&& same_software == 0	155	1	1	Preprocessing	5
Artifacts		Did you reject trials or segments of continuous data in step 6?			radio	trials | data segments	artifact_6_reject_what	artifact_steps_number >= 6 && artifact_6 == 0	156	1	1	Preprocessing	5
Artifacts		How did you define your artifacts in step 6?			radio	visual inspection | pre-set numerical criterion/function | other	artifact_6_reject_method	artifact_steps_number >= 6 && artifact_6 == 0	157	1	1	Preprocessing	5
Artifacts		Which artifacts did you remove using visual inspection in step 6?			select_multiple	blinks | saccades | other occular | cardiac | motion and other EMG noise | alpha waves | line noise | other	artifact_6_reject_visual	artifact_steps_number >= 6 && artifact_6_reject_method == 0	158	1	1	Preprocessing	5
Artifacts		Which other artifacts did you remove visually?			text		artifact_6_reject_visual_other	artifact_6_reject_visual.includes(7)	159	1	1	Preprocessing	5
Artifacts		Describe your numerical criterion/function and provide numerical threshold(s) in step 6.			text		artifact_6_reject_numerical	artifact_steps_number >= 6 && artifact_6_reject_method == 1	160	1	1	Preprocessing	5
Artifacts		Describe your method of artifact rejection other than visual inspection or numerical criterion/function. Make sure that there is enough detail for a replication attempt.			text		artifact_6_reject_other	artifact_steps_number >= 6 && artifact_6_reject_method == 2	161	1	1	Preprocessing	5
Artifacts		Which general method of artifact correction did you use in step 6?			select	regression-based approach (e.g., Gratton et al., 1983, Elbert et al., 1985) | spatial-filter-based approach (e.g., Dale, 1994) | ICA-based approaches | wavelet-based | wavelet-enhanced ICA (e.g., Khushaba et al, 2013) | multiple-source-analysis-based approaches (e.g., MSEC by Berg & Scherg, 1994) | other	artifact_6_correct_method	artifact_steps_number >= 6 && artifact_6 == 1	162	1	1	Preprocessing	5
Artifacts		Reference to the artifact correction algorithm used in step 6			text		artifact_6_correct_reference	artifact_steps_number >= 6 && artifact_6 == 1	163	1	1	Preprocessing	5
Artifacts		Describe artifact correction parameters in detail sufficient for replication.		For example, provide numerical parameters, options selected, or describe decision-making process as closely as possible if manual, visual-inspection based decisions were involved.	textarea		artifact_6_correct_details	artifact_steps_number >= 6 && artifact_6 == 1	164	1	1	Preprocessing	5
Artifacts		From which data did you eliminate bad channels in step 6?			radio	from individual trials | from segments of continuous data | from the entire recording	artifact_6_remove_electrode_where	artifact_steps_number >= 6 && artifact_6 == 2	165	1	1	Preprocessing	5
Artifacts		List of channels eliminated in step 6, separated by a semicolon and a space.			text		artifact_6_remove_electrode_list	artifact_steps_number >= 6 && artifact_6 == 2	166	1	1	Preprocessing	5
Artifacts		What was the criterion for eliminating bad channels in step 6?			radio	visual inspection | pre-set numerical criterion/function | other	artifact_6_remove_electrode_method	artifact_steps_number >= 6 && artifact_6 == 2	167	1	1	Preprocessing	5
Artifacts		Why did you remove bad electrodes in step 6?			select_multiple	excessive line noise | excessive muscle activity | bad contact and other large fluctations in voltage | dead electrode | excessive EMG noise | cardiac activity | other	artifact_6_remove_electrode_visual	artifact_steps_number >= 6 && artifact_6_remove_electrode_method == 0	168	1	1	Preprocessing	5
Artifacts		Which other reasons did you have for eliminating bad electrodes visually in step 6?			text		artifact_6_remove_electrode_visual_other	artifact_steps_number >= 6 && artifact_6_remove_electrode_visual == 6	169	1	1	Preprocessing	5
Artifacts		Describe your numerical criterion/function for eliminating electrodes and provide numerical threshold(s) in step 6.			text		artifact_6_remove_electrode_numerical	artifact_steps_number >= 6 && artifact_6_remove_electrode_method == 1	170	1	1	Preprocessing	5
Artifacts		Describe your method of electrode rejection other than visual inspection or numerical criterion/function. Make sure that there is enough detail for a replication attempt.			text		artifact_6_remove_electrode_other	artifact_steps_number >= 6 && artifact_6_remove_electrode_method == 2	171	1	1	Preprocessing	5
Artifacts		How did you select channels for interpolation in step 6?		Describe the numerical threshold or function used to define which channels should be interpolated.	textarea		artifact_6_interpolate_which	artifact_steps_number >= 6 && artifact_6 == 3	172	1	1	Preprocessing	5
Artifacts		Describe interpolation function and the settings you used in step 6.		Provide appropriate details and settings, as well as a reference, if appropriate.	textarea		artifact_6_interpolate_how	artifact_steps_number >= 6 && artifact_6 == 3	173	1	1	Preprocessing	5
Artifacts		Reference to the automated artifact removal algorithm used in step 6			text		artifact_6_automated_reference	artifact_steps_number >= 6 && artifact_6 == 4	174	1	1	Preprocessing	5
Artifacts		Describe automated artifact removal parameters in detail sufficient for replication.		For example, provide numerical parameters, options selected, or describe decision-making process as closely as possible if manual, visual-inspection based decisions were involved.	textarea		artifact_6_automated_parameters	artifact_steps_number >= 6 && artifact_6 == 4	175	1	1	Preprocessing	5
Artifacts		What action did you take regarding artifacts in step 7?			radio	reject bad trial or bad data segment | correct by subtraction (blinks, EKG etc.) | reject channels | interpolate channels | multi-step automated approach (e.g., FASTER)	artifact_7	artifact_steps_number >= 7	176	1	1	Preprocessing	5
Artifacts		What software did you use for artifact removal in step 7?			select	preset:meeg_analysis_softwares	artifact_7_software	artifact_steps_number >= 7 && same_software == 0	177	1	1	Preprocessing	5
Artifacts		Specify software version if applicable, script language if "custom script" was selected and software name and version if "other" was selected.			text		artifact_7_software_details	artifact_steps_number >= 7&& same_software == 0	178	1	1	Preprocessing	5
Artifacts		Did you reject trials or segments of continuous data in step 7?			radio	trials | data segments	artifact_7_reject_what	artifact_steps_number >= 7 && artifact_7 == 0	179	1	1	Preprocessing	5
Artifacts		How did you define your artifacts in step 7?			radio	visual inspection | pre-set numerical criterion/function | other	artifact_7_reject_method	artifact_steps_number >= 7 && artifact_7 == 0	180	1	1	Preprocessing	5
Artifacts		Which artifacts did you remove using visual inspection in step 7?			select_multiple	blinks | saccades | other occular | cardiac | motion and other EMG noise | alpha waves | line noise | other	artifact_7_reject_visual	artifact_steps_number >= 7 && artifact_7_reject_method == 0	181	1	1	Preprocessing	5
Artifacts		Which other artifacts did you remove visually?			text		artifact_7_reject_visual_other	artifact_7_reject_visual.includes(7)	182	1	1	Preprocessing	5
Artifacts		Describe your numerical criterion/function and provide numerical threshold(s) in step 7.			text		artifact_7_reject_numerical	artifact_steps_number >= 7 && artifact_7_reject_method == 1	183	1	1	Preprocessing	5
Artifacts		Describe your method of artifact rejection other than visual inspection or numerical criterion/function. Make sure that there is enough detail for a replication attempt.			text		artifact_7_reject_other	artifact_steps_number >= 7 && artifact_7_reject_method == 2	184	1	1	Preprocessing	5
Artifacts		Which general method of artifact correction did you use in step 7?			select	regression-based approach (e.g., Gratton et al., 1983, Elbert et al., 1985) | spatial-filter-based approach (e.g., Dale, 1994) | ICA-based approaches | wavelet-based | wavelet-enhanced ICA (e.g., Khushaba et al, 2013) | multiple-source-analysis-based approaches (e.g., MSEC by Berg & Scherg, 1994) | other	artifact_7_correct_method	artifact_steps_number >= 7 && artifact_7 == 1	185	1	1	Preprocessing	5
Artifacts		Reference to the artifact correction algorithm used in step 7			text		artifact_7_correct_reference	artifact_steps_number >= 7 && artifact_7 == 1	186	1	1	Preprocessing	5
Artifacts		Describe artifact correction parameters in detail sufficient for replication.		For example, provide numerical parameters, options selected, or describe decision-making process as closely as possible if manual, visual-inspection based decisions were involved.	textarea		artifact_7_correct_details	artifact_steps_number >= 7 && artifact_7 == 1	187	1	1	Preprocessing	5
Artifacts		From which data did you eliminate bad channels in step 7?			radio	from individual trials | from segments of continuous data | from the entire recording	artifact_7_remove_electrode_where	artifact_steps_number >= 7 && artifact_7 == 2	188	1	1	Preprocessing	5
Artifacts		List of channels eliminated in step 7, separated by a semicolon and a space.			text		artifact_7_remove_electrode_list	artifact_steps_number >= 7 && artifact_7 == 2	189	1	1	Preprocessing	5
Artifacts		What was the criterion for eliminating bad channels in step 7?			radio	visual inspection | pre-set numerical criterion/function | other	artifact_7_remove_electrode_method	artifact_steps_number >= 7 && artifact_7 == 2	190	1	1	Preprocessing	5
Artifacts		Why did you remove bad electrodes in step 7?			select_multiple	excessive line noise | excessive muscle activity | bad contact and other large fluctations in voltage | dead electrode | excessive EMG noise | cardiac activity | other	artifact_7_remove_electrode_visual	artifact_steps_number >= 7 && artifact_7_remove_electrode_method == 0	191	1	1	Preprocessing	5
Artifacts		Which other reasons did you have for eliminating bad electrodes visually in step 7?			text		artifact_7_remove_electrode_visual_other	artifact_steps_number >= 7 && artifact_7_remove_electrode_visual == 6	192	1	1	Preprocessing	5
Artifacts		Describe your numerical criterion/function for eliminating electrodes and provide numerical threshold(s) in step 7.			text		artifact_7_remove_electrode_numerical	artifact_steps_number >= 7 && artifact_7_remove_electrode_method == 1	193	1	1	Preprocessing	5
Artifacts		Describe your method of electrode rejection other than visual inspection or numerical criterion/function. Make sure that there is enough detail for a replication attempt.			text		artifact_7_remove_electrode_other	artifact_steps_number >= 7 && artifact_7_remove_electrode_method == 2	194	1	1	Preprocessing	5
Artifacts		How did you select channels for interpolation in step 7?		Describe the numerical threshold or function used to define which channels should be interpolated.	textarea		artifact_7_interpolate_which	artifact_steps_number >= 7 && artifact_7 == 3	195	1	1	Preprocessing	5
Artifacts		Describe interpolation function and the settings you used in step 7.		Provide appropriate details and settings, as well as a reference, if appropriate.	textarea		artifact_7_interpolate_how	artifact_steps_number >= 7 && artifact_7 == 3	196	1	1	Preprocessing	5
Artifacts		Reference to the automated artifact removal algorithm used in step 7			text		artifact_7_automated_reference	artifact_steps_number >= 7 && artifact_7 == 4	197	1	1	Preprocessing	5
Artifacts		Describe automated artifact removal parameters in detail sufficient for replication.		For example, provide numerical parameters, options selected, or describe decision-making process as closely as possible if manual, visual-inspection based decisions were involved.	textarea		artifact_7_automated_parameters	artifact_steps_number >= 7 && artifact_7 == 4	198	1	1	Preprocessing	5
Artifacts		We are sorry, but this is an early version of the web-app, and it currently includes up to 7 steps of artifact removal decisions due to technical limitations. Describe your remaining decisions in this field as detailed as you can.			textarea		artifact_removal_more_than_7	artifact_steps_number >= 8 && artifact_7 == 4	199	1	1	Preprocessing	5
Epoching		Did you epoch data outside of the automated pre-processing pipelines described earlier?			radio	preset:boolean	epoch_any	1	200	1	1	Preprocessing	5
Epoching		Which analysis software did you use for epoching EEG data?			select	preset:meeg_analysis_softwares	epoch_software	same_software == 0 && epoch_any == 1	201	1	1	Preprocessing	5
Epoching		Specify software version if applicable, script language if "custom script" was selected, and software name and version if "other" was selected.			text		epoch_software_details	same_software == 0  && epoch_any == 1	202	1	1	Preprocessing	5
Epoching		What was the epoch beginning relative to a trigger point? For timings after the trigger, use positive numbers. For timings before the trigger, use negative numbers.	ms		float		epoch_beginning	epoch_any == 1	203	1	1	Preprocessing	5
Epoching		What was the event type relative to which epochs were defined?			radio	stimulus onset | response | feedback onset | other	epoch_trigger_event	epoch_any == 1	204	1	1	Preprocessing	5
Epoching		If other, what is the event?			text		epoch_trigger_event_other	epoch_trigger_event == 3	205	1	1	Preprocessing	5
Epoching		What was the epoch end relative to a trigger point? For timings after the trigger, use positive numbers. For timings before the trigger, use negative numbers.	ms		float		epoch_end	epoch_any == 1	206	1	1	Preprocessing	5
Baseline correction		Did you apply baseline correction?		This does not include baseline correction within automated pipelines, if you had applied any.	radio	preset:boolean	baseline_any	1	207	1	1	Preprocessing	5
Baseline correction		Which analysis software did you use for baseline correction?			select	preset:meeg_analysis_softwares	baseline_software	same_software == 0 && baseline_any == 1	208	1	1	Preprocessing	5
Baseline correction		Specify software version if applicable, script language if "custom script" was selected, and software name and version if "other" was selected.			text		baseline_software_details	same_software == 0 && baseline_any == 1	209	1	1	Preprocessing	5
Baseline correction		What was the baseline period beginning relative to a trigger point? For timings after the trigger, use positive numbers. For timings before the trigger, use negative numbers.	ms		float		baseline_beginning	baseline_any == 1	210	1	1	Preprocessing	5
Baseline correction		What was the baseline period end relative to a trigger point? For timings after the trigger, use positive numbers. For timings before the trigger, use negative numbers.	ms		float		baseline_end	baseline_any == 1	211	1	1	Preprocessing	5
Baseline correction		Which baseline calculation method was used?			radio	subtract mean of the baseline period per condition | other	baseline_method	baseline_any == 1	212	1	1	Preprocessing	5
Baseline correction		Specify your baseline calculation method other than subtraction of the mean of the baseline.			textarea		baseline_other_method_details	baseline_method == 1	213	1	1	Preprocessing	5
Order of operations		Describe order of all pre-processing steps described here in a way that allows replication.			textarea		preprocessing_order	1	214	1	1	Preprocessing	5
